filepath,breed
data/raw/affenpinscher/test_001.jpg,affenpinscher
data/raw/affenpinscher/0012.jpg,affenpinscher
data/raw/affenpinscher/0006.jpg,affenpinscher
data/raw/affenpinscher/0007.jpg,affenpinscher
data/raw/affenpinscher/0013.jpg,affenpinscher
data/raw/affenpinscher/0005.jpg,affenpinscher
data/raw/affenpinscher/0011.jpg,affenpinscher
data/raw/affenpinscher/0039.jpg,affenpinscher
data/raw/affenpinscher/0038.jpg,affenpinscher
data/raw/affenpinscher/0010.jpg,affenpinscher
data/raw/affenpinscher/0004.jpg,affenpinscher
data/raw/affenpinscher/0028.jpg,affenpinscher
data/raw/affenpinscher/0014.jpg,affenpinscher
data/raw/affenpinscher/0015.jpg,affenpinscher
data/raw/affenpinscher/0001.jpg,affenpinscher
data/raw/affenpinscher/0029.jpg,affenpinscher
data/raw/affenpinscher/0017.jpg,affenpinscher
data/raw/affenpinscher/0003.jpg,affenpinscher
data/raw/affenpinscher/0002.jpg,affenpinscher
data/raw/affenpinscher/0016.jpg,affenpinscher
data/raw/affenpinscher/0033.jpg,affenpinscher
data/raw/affenpinscher/0027.jpg,affenpinscher
data/raw/affenpinscher/0026.jpg,affenpinscher
data/raw/affenpinscher/0032.jpg,affenpinscher
data/raw/affenpinscher/0024.jpg,affenpinscher
data/raw/affenpinscher/0030.jpg,affenpinscher
data/raw/affenpinscher/0018.jpg,affenpinscher
data/raw/affenpinscher/0019.jpg,affenpinscher
data/raw/affenpinscher/0031.jpg,affenpinscher
data/raw/affenpinscher/0025.jpg,affenpinscher
data/raw/affenpinscher/0009.jpg,affenpinscher
data/raw/affenpinscher/0021.jpg,affenpinscher
data/raw/afghan_hound/0012.jpg,afghan_hound
data/raw/afghan_hound/0006.jpg,afghan_hound
data/raw/afghan_hound/0007.jpg,afghan_hound
data/raw/afghan_hound/0013.jpg,afghan_hound
data/raw/afghan_hound/0005.jpg,afghan_hound
data/raw/afghan_hound/0011.jpg,afghan_hound
data/raw/afghan_hound/0039.jpg,afghan_hound
data/raw/afghan_hound/0038.jpg,afghan_hound
data/raw/afghan_hound/0010.jpg,afghan_hound
data/raw/afghan_hound/0004.jpg,afghan_hound
data/raw/afghan_hound/0028.jpg,afghan_hound
data/raw/afghan_hound/0014.jpg,afghan_hound
data/raw/afghan_hound/0015.jpg,afghan_hound
data/raw/afghan_hound/0001.jpg,afghan_hound
data/raw/afghan_hound/0029.jpg,afghan_hound
data/raw/afghan_hound/0017.jpg,afghan_hound
data/raw/afghan_hound/0003.jpg,afghan_hound
data/raw/afghan_hound/0002.jpg,afghan_hound
data/raw/afghan_hound/0016.jpg,afghan_hound
data/raw/afghan_hound/0033.jpg,afghan_hound
data/raw/afghan_hound/0027.jpg,afghan_hound
data/raw/afghan_hound/0026.jpg,afghan_hound
data/raw/afghan_hound/0032.jpg,afghan_hound
data/raw/afghan_hound/0024.jpg,afghan_hound
data/raw/afghan_hound/0030.jpg,afghan_hound
data/raw/afghan_hound/0018.jpg,afghan_hound
data/raw/afghan_hound/0019.jpg,afghan_hound
data/raw/afghan_hound/0031.jpg,afghan_hound
data/raw/afghan_hound/0025.jpg,afghan_hound
data/raw/afghan_hound/0009.jpg,afghan_hound
data/raw/afghan_hound/0021.jpg,afghan_hound
data/raw/afghan_hound/0035.jpg,afghan_hound
data/raw/african_hunting_dog/0012.jpg,african_hunting_dog
data/raw/african_hunting_dog/0006.jpg,african_hunting_dog
data/raw/african_hunting_dog/0007.jpg,african_hunting_dog
data/raw/african_hunting_dog/0013.jpg,african_hunting_dog
data/raw/african_hunting_dog/0005.jpg,african_hunting_dog
data/raw/african_hunting_dog/0011.jpg,african_hunting_dog
data/raw/african_hunting_dog/0039.jpg,african_hunting_dog
data/raw/african_hunting_dog/0038.jpg,african_hunting_dog
data/raw/african_hunting_dog/0010.jpg,african_hunting_dog
data/raw/african_hunting_dog/0004.jpg,african_hunting_dog
data/raw/african_hunting_dog/0028.jpg,african_hunting_dog
data/raw/african_hunting_dog/0014.jpg,african_hunting_dog
data/raw/african_hunting_dog/0015.jpg,african_hunting_dog
data/raw/african_hunting_dog/0001.jpg,african_hunting_dog
data/raw/african_hunting_dog/0029.jpg,african_hunting_dog
data/raw/african_hunting_dog/0017.jpg,african_hunting_dog
data/raw/african_hunting_dog/0003.jpg,african_hunting_dog
data/raw/african_hunting_dog/0002.jpg,african_hunting_dog
data/raw/african_hunting_dog/0016.jpg,african_hunting_dog
data/raw/african_hunting_dog/0033.jpg,african_hunting_dog
data/raw/african_hunting_dog/0027.jpg,african_hunting_dog
data/raw/african_hunting_dog/0026.jpg,african_hunting_dog
data/raw/african_hunting_dog/0032.jpg,african_hunting_dog
data/raw/african_hunting_dog/0024.jpg,african_hunting_dog
data/raw/african_hunting_dog/0030.jpg,african_hunting_dog
data/raw/african_hunting_dog/0018.jpg,african_hunting_dog
data/raw/african_hunting_dog/0019.jpg,african_hunting_dog
data/raw/african_hunting_dog/0031.jpg,african_hunting_dog
data/raw/african_hunting_dog/0025.jpg,african_hunting_dog
data/raw/african_hunting_dog/0009.jpg,african_hunting_dog
data/raw/african_hunting_dog/0021.jpg,african_hunting_dog
data/raw/african_hunting_dog/0035.jpg,african_hunting_dog
data/raw/airedale_terrier/0012.jpg,airedale_terrier
data/raw/airedale_terrier/0006.jpg,airedale_terrier
data/raw/airedale_terrier/0007.jpg,airedale_terrier
data/raw/airedale_terrier/0013.jpg,airedale_terrier
data/raw/airedale_terrier/0005.jpg,airedale_terrier
data/raw/airedale_terrier/0011.jpg,airedale_terrier
data/raw/airedale_terrier/0039.jpg,airedale_terrier
data/raw/airedale_terrier/0038.jpg,airedale_terrier
data/raw/airedale_terrier/0010.jpg,airedale_terrier
data/raw/airedale_terrier/0004.jpg,airedale_terrier
data/raw/airedale_terrier/0028.jpg,airedale_terrier
data/raw/airedale_terrier/0014.jpg,airedale_terrier
data/raw/airedale_terrier/0015.jpg,airedale_terrier
data/raw/airedale_terrier/0001.jpg,airedale_terrier
data/raw/airedale_terrier/0029.jpg,airedale_terrier
data/raw/airedale_terrier/0017.jpg,airedale_terrier
data/raw/airedale_terrier/0003.jpg,airedale_terrier
data/raw/airedale_terrier/0002.jpg,airedale_terrier
data/raw/airedale_terrier/0016.jpg,airedale_terrier
data/raw/airedale_terrier/0033.jpg,airedale_terrier
data/raw/airedale_terrier/0027.jpg,airedale_terrier
data/raw/airedale_terrier/0026.jpg,airedale_terrier
data/raw/airedale_terrier/0032.jpg,airedale_terrier
data/raw/airedale_terrier/0024.jpg,airedale_terrier
data/raw/airedale_terrier/0030.jpg,airedale_terrier
data/raw/airedale_terrier/0018.jpg,airedale_terrier
data/raw/airedale_terrier/0019.jpg,airedale_terrier
data/raw/airedale_terrier/0031.jpg,airedale_terrier
data/raw/airedale_terrier/0025.jpg,airedale_terrier
data/raw/airedale_terrier/0009.jpg,airedale_terrier
data/raw/airedale_terrier/0021.jpg,airedale_terrier
data/raw/airedale_terrier/0035.jpg,airedale_terrier
data/raw/american_staffordshire_terrier/0012.jpg,american_staffordshire_terrier
data/raw/american_staffordshire_terrier/0006.jpg,american_staffordshire_terrier
data/raw/american_staffordshire_terrier/0007.jpg,american_staffordshire_terrier
data/raw/american_staffordshire_terrier/0013.jpg,american_staffordshire_terrier
data/raw/american_staffordshire_terrier/0005.jpg,american_staffordshire_terrier
data/raw/american_staffordshire_terrier/0011.jpg,american_staffordshire_terrier
data/raw/american_staffordshire_terrier/0039.jpg,american_staffordshire_terrier
data/raw/american_staffordshire_terrier/0038.jpg,american_staffordshire_terrier
data/raw/american_staffordshire_terrier/0010.jpg,american_staffordshire_terrier
data/raw/american_staffordshire_terrier/0004.jpg,american_staffordshire_terrier
data/raw/american_staffordshire_terrier/0028.jpg,american_staffordshire_terrier
data/raw/american_staffordshire_terrier/0014.jpg,american_staffordshire_terrier
data/raw/american_staffordshire_terrier/0015.jpg,american_staffordshire_terrier
data/raw/american_staffordshire_terrier/0001.jpg,american_staffordshire_terrier
data/raw/american_staffordshire_terrier/0029.jpg,american_staffordshire_terrier
data/raw/american_staffordshire_terrier/0017.jpg,american_staffordshire_terrier
data/raw/american_staffordshire_terrier/0003.jpg,american_staffordshire_terrier
data/raw/american_staffordshire_terrier/0002.jpg,american_staffordshire_terrier
data/raw/american_staffordshire_terrier/0016.jpg,american_staffordshire_terrier
data/raw/american_staffordshire_terrier/0033.jpg,american_staffordshire_terrier
data/raw/american_staffordshire_terrier/0027.jpg,american_staffordshire_terrier
data/raw/american_staffordshire_terrier/0026.jpg,american_staffordshire_terrier
data/raw/american_staffordshire_terrier/0032.jpg,american_staffordshire_terrier
data/raw/american_staffordshire_terrier/0024.jpg,american_staffordshire_terrier
data/raw/american_staffordshire_terrier/0030.jpg,american_staffordshire_terrier
data/raw/american_staffordshire_terrier/0018.jpg,american_staffordshire_terrier
data/raw/american_staffordshire_terrier/0019.jpg,american_staffordshire_terrier
data/raw/american_staffordshire_terrier/0031.jpg,american_staffordshire_terrier
data/raw/american_staffordshire_terrier/0025.jpg,american_staffordshire_terrier
data/raw/american_staffordshire_terrier/0009.jpg,american_staffordshire_terrier
data/raw/american_staffordshire_terrier/0021.jpg,american_staffordshire_terrier
data/raw/american_staffordshire_terrier/0035.jpg,american_staffordshire_terrier
data/raw/appenzeller_sennenhund/0012.jpg,appenzeller_sennenhund
data/raw/appenzeller_sennenhund/0006.jpg,appenzeller_sennenhund
data/raw/appenzeller_sennenhund/0007.jpg,appenzeller_sennenhund
data/raw/appenzeller_sennenhund/0013.jpg,appenzeller_sennenhund
data/raw/appenzeller_sennenhund/0005.jpg,appenzeller_sennenhund
data/raw/appenzeller_sennenhund/0011.jpg,appenzeller_sennenhund
data/raw/appenzeller_sennenhund/0039.jpg,appenzeller_sennenhund
data/raw/appenzeller_sennenhund/0038.jpg,appenzeller_sennenhund
data/raw/appenzeller_sennenhund/0010.jpg,appenzeller_sennenhund
data/raw/appenzeller_sennenhund/0004.jpg,appenzeller_sennenhund
data/raw/appenzeller_sennenhund/0028.jpg,appenzeller_sennenhund
data/raw/appenzeller_sennenhund/0014.jpg,appenzeller_sennenhund
data/raw/appenzeller_sennenhund/0015.jpg,appenzeller_sennenhund
data/raw/appenzeller_sennenhund/0001.jpg,appenzeller_sennenhund
data/raw/appenzeller_sennenhund/0029.jpg,appenzeller_sennenhund
data/raw/appenzeller_sennenhund/0017.jpg,appenzeller_sennenhund
data/raw/appenzeller_sennenhund/0003.jpg,appenzeller_sennenhund
data/raw/appenzeller_sennenhund/0002.jpg,appenzeller_sennenhund
data/raw/appenzeller_sennenhund/0016.jpg,appenzeller_sennenhund
data/raw/appenzeller_sennenhund/0033.jpg,appenzeller_sennenhund
data/raw/appenzeller_sennenhund/0027.jpg,appenzeller_sennenhund
data/raw/appenzeller_sennenhund/0026.jpg,appenzeller_sennenhund
data/raw/appenzeller_sennenhund/0032.jpg,appenzeller_sennenhund
data/raw/appenzeller_sennenhund/0024.jpg,appenzeller_sennenhund
data/raw/appenzeller_sennenhund/0030.jpg,appenzeller_sennenhund
data/raw/appenzeller_sennenhund/0018.jpg,appenzeller_sennenhund
data/raw/appenzeller_sennenhund/0019.jpg,appenzeller_sennenhund
data/raw/appenzeller_sennenhund/0031.jpg,appenzeller_sennenhund
data/raw/appenzeller_sennenhund/0025.jpg,appenzeller_sennenhund
data/raw/appenzeller_sennenhund/0009.jpg,appenzeller_sennenhund
data/raw/appenzeller_sennenhund/0021.jpg,appenzeller_sennenhund
data/raw/appenzeller_sennenhund/0035.jpg,appenzeller_sennenhund
data/raw/australian_terrier/0012.jpg,australian_terrier
data/raw/australian_terrier/0006.jpg,australian_terrier
data/raw/australian_terrier/0007.jpg,australian_terrier
data/raw/australian_terrier/0013.jpg,australian_terrier
data/raw/australian_terrier/0005.jpg,australian_terrier
data/raw/australian_terrier/0011.jpg,australian_terrier
data/raw/australian_terrier/0039.jpg,australian_terrier
data/raw/australian_terrier/0038.jpg,australian_terrier
data/raw/australian_terrier/0010.jpg,australian_terrier
data/raw/australian_terrier/0004.jpg,australian_terrier
data/raw/australian_terrier/0028.jpg,australian_terrier
data/raw/australian_terrier/0014.jpg,australian_terrier
data/raw/australian_terrier/0015.jpg,australian_terrier
data/raw/australian_terrier/0001.jpg,australian_terrier
data/raw/australian_terrier/0029.jpg,australian_terrier
data/raw/australian_terrier/0017.jpg,australian_terrier
data/raw/australian_terrier/0003.jpg,australian_terrier
data/raw/australian_terrier/0002.jpg,australian_terrier
data/raw/australian_terrier/0016.jpg,australian_terrier
data/raw/australian_terrier/0033.jpg,australian_terrier
data/raw/australian_terrier/0027.jpg,australian_terrier
data/raw/australian_terrier/0026.jpg,australian_terrier
data/raw/australian_terrier/0032.jpg,australian_terrier
data/raw/australian_terrier/0024.jpg,australian_terrier
data/raw/australian_terrier/0030.jpg,australian_terrier
data/raw/australian_terrier/0018.jpg,australian_terrier
data/raw/australian_terrier/0019.jpg,australian_terrier
data/raw/australian_terrier/0031.jpg,australian_terrier
data/raw/australian_terrier/0025.jpg,australian_terrier
data/raw/australian_terrier/0009.jpg,australian_terrier
data/raw/australian_terrier/0021.jpg,australian_terrier
data/raw/australian_terrier/0035.jpg,australian_terrier
data/raw/basenji/0012.jpg,basenji
data/raw/basenji/0006.jpg,basenji
data/raw/basenji/0007.jpg,basenji
data/raw/basenji/0013.jpg,basenji
data/raw/basenji/0005.jpg,basenji
data/raw/basenji/0011.jpg,basenji
data/raw/basenji/0039.jpg,basenji
data/raw/basenji/0038.jpg,basenji
data/raw/basenji/0010.jpg,basenji
data/raw/basenji/0004.jpg,basenji
data/raw/basenji/0028.jpg,basenji
data/raw/basenji/0014.jpg,basenji
data/raw/basenji/0015.jpg,basenji
data/raw/basenji/0001.jpg,basenji
data/raw/basenji/0029.jpg,basenji
data/raw/basenji/0017.jpg,basenji
data/raw/basenji/0003.jpg,basenji
data/raw/basenji/0002.jpg,basenji
data/raw/basenji/0016.jpg,basenji
data/raw/basenji/0033.jpg,basenji
data/raw/basenji/0027.jpg,basenji
data/raw/basenji/0026.jpg,basenji
data/raw/basenji/0032.jpg,basenji
data/raw/basenji/0024.jpg,basenji
data/raw/basenji/0030.jpg,basenji
data/raw/basenji/0018.jpg,basenji
data/raw/basenji/0019.jpg,basenji
data/raw/basenji/0031.jpg,basenji
data/raw/basenji/0025.jpg,basenji
data/raw/basenji/0009.jpg,basenji
data/raw/basenji/0021.jpg,basenji
data/raw/basenji/0035.jpg,basenji
data/raw/basset_hound/0012.jpg,basset_hound
data/raw/basset_hound/0006.jpg,basset_hound
data/raw/basset_hound/0007.jpg,basset_hound
data/raw/basset_hound/0013.jpg,basset_hound
data/raw/basset_hound/0005.jpg,basset_hound
data/raw/basset_hound/0011.jpg,basset_hound
data/raw/basset_hound/0039.jpg,basset_hound
data/raw/basset_hound/0038.jpg,basset_hound
data/raw/basset_hound/0010.jpg,basset_hound
data/raw/basset_hound/0004.jpg,basset_hound
data/raw/basset_hound/0028.jpg,basset_hound
data/raw/basset_hound/0014.jpg,basset_hound
data/raw/basset_hound/0015.jpg,basset_hound
data/raw/basset_hound/0001.jpg,basset_hound
data/raw/basset_hound/0029.jpg,basset_hound
data/raw/basset_hound/0017.jpg,basset_hound
data/raw/basset_hound/0003.jpg,basset_hound
data/raw/basset_hound/0002.jpg,basset_hound
data/raw/basset_hound/0016.jpg,basset_hound
data/raw/basset_hound/0033.jpg,basset_hound
data/raw/basset_hound/0027.jpg,basset_hound
data/raw/basset_hound/0026.jpg,basset_hound
data/raw/basset_hound/0032.jpg,basset_hound
data/raw/basset_hound/0024.jpg,basset_hound
data/raw/basset_hound/0030.jpg,basset_hound
data/raw/basset_hound/0018.jpg,basset_hound
data/raw/basset_hound/0019.jpg,basset_hound
data/raw/basset_hound/0031.jpg,basset_hound
data/raw/basset_hound/0025.jpg,basset_hound
data/raw/basset_hound/0009.jpg,basset_hound
data/raw/basset_hound/0021.jpg,basset_hound
data/raw/basset_hound/0035.jpg,basset_hound
data/raw/beagle/0012.jpg,beagle
data/raw/beagle/0006.jpg,beagle
data/raw/beagle/0007.jpg,beagle
data/raw/beagle/0013.jpg,beagle
data/raw/beagle/0005.jpg,beagle
data/raw/beagle/0011.jpg,beagle
data/raw/beagle/0039.jpg,beagle
data/raw/beagle/0038.jpg,beagle
data/raw/beagle/0010.jpg,beagle
data/raw/beagle/0004.jpg,beagle
data/raw/beagle/0028.jpg,beagle
data/raw/beagle/0014.jpg,beagle
data/raw/beagle/0015.jpg,beagle
data/raw/beagle/0001.jpg,beagle
data/raw/beagle/0029.jpg,beagle
data/raw/beagle/0017.jpg,beagle
data/raw/beagle/0003.jpg,beagle
data/raw/beagle/0002.jpg,beagle
data/raw/beagle/0016.jpg,beagle
data/raw/beagle/0033.jpg,beagle
data/raw/beagle/0027.jpg,beagle
data/raw/beagle/0026.jpg,beagle
data/raw/beagle/0032.jpg,beagle
data/raw/beagle/0024.jpg,beagle
data/raw/beagle/0030.jpg,beagle
data/raw/beagle/0018.jpg,beagle
data/raw/beagle/0019.jpg,beagle
data/raw/beagle/0031.jpg,beagle
data/raw/beagle/0025.jpg,beagle
data/raw/beagle/0009.jpg,beagle
data/raw/beagle/0021.jpg,beagle
data/raw/beagle/0035.jpg,beagle
data/raw/bedlington_terrier/0012.jpg,bedlington_terrier
data/raw/bedlington_terrier/0006.jpg,bedlington_terrier
data/raw/bedlington_terrier/0007.jpg,bedlington_terrier
data/raw/bedlington_terrier/0013.jpg,bedlington_terrier
data/raw/bedlington_terrier/0005.jpg,bedlington_terrier
data/raw/bedlington_terrier/0011.jpg,bedlington_terrier
data/raw/bedlington_terrier/0039.jpg,bedlington_terrier
data/raw/bedlington_terrier/0038.jpg,bedlington_terrier
data/raw/bedlington_terrier/0010.jpg,bedlington_terrier
data/raw/bedlington_terrier/0004.jpg,bedlington_terrier
data/raw/bedlington_terrier/0028.jpg,bedlington_terrier
data/raw/bedlington_terrier/0014.jpg,bedlington_terrier
data/raw/bedlington_terrier/0015.jpg,bedlington_terrier
data/raw/bedlington_terrier/0001.jpg,bedlington_terrier
data/raw/bedlington_terrier/0029.jpg,bedlington_terrier
data/raw/bedlington_terrier/0017.jpg,bedlington_terrier
data/raw/bedlington_terrier/0002.jpg,bedlington_terrier
data/raw/bedlington_terrier/0016.jpg,bedlington_terrier
data/raw/bedlington_terrier/0033.jpg,bedlington_terrier
data/raw/bedlington_terrier/0027.jpg,bedlington_terrier
data/raw/bedlington_terrier/0026.jpg,bedlington_terrier
data/raw/bedlington_terrier/0032.jpg,bedlington_terrier
data/raw/bedlington_terrier/0024.jpg,bedlington_terrier
data/raw/bedlington_terrier/0030.jpg,bedlington_terrier
data/raw/bedlington_terrier/0018.jpg,bedlington_terrier
data/raw/bedlington_terrier/0019.jpg,bedlington_terrier
data/raw/bedlington_terrier/0031.jpg,bedlington_terrier
data/raw/bedlington_terrier/0009.jpg,bedlington_terrier
data/raw/bedlington_terrier/0021.jpg,bedlington_terrier
data/raw/bedlington_terrier/0035.jpg,bedlington_terrier
data/raw/bernese_mountain_dog/0012.jpg,bernese_mountain_dog
data/raw/bernese_mountain_dog/0006.jpg,bernese_mountain_dog
data/raw/bernese_mountain_dog/0007.jpg,bernese_mountain_dog
data/raw/bernese_mountain_dog/0013.jpg,bernese_mountain_dog
data/raw/bernese_mountain_dog/0005.jpg,bernese_mountain_dog
data/raw/bernese_mountain_dog/0011.jpg,bernese_mountain_dog
data/raw/bernese_mountain_dog/0039.jpg,bernese_mountain_dog
data/raw/bernese_mountain_dog/0038.jpg,bernese_mountain_dog
data/raw/bernese_mountain_dog/0010.jpg,bernese_mountain_dog
data/raw/bernese_mountain_dog/0004.jpg,bernese_mountain_dog
data/raw/bernese_mountain_dog/0028.jpg,bernese_mountain_dog
data/raw/bernese_mountain_dog/0014.jpg,bernese_mountain_dog
data/raw/bernese_mountain_dog/0015.jpg,bernese_mountain_dog
data/raw/bernese_mountain_dog/0001.jpg,bernese_mountain_dog
data/raw/bernese_mountain_dog/0029.jpg,bernese_mountain_dog
data/raw/bernese_mountain_dog/0017.jpg,bernese_mountain_dog
data/raw/bernese_mountain_dog/0003.jpg,bernese_mountain_dog
data/raw/bernese_mountain_dog/0002.jpg,bernese_mountain_dog
data/raw/bernese_mountain_dog/0016.jpg,bernese_mountain_dog
data/raw/bernese_mountain_dog/0033.jpg,bernese_mountain_dog
data/raw/bernese_mountain_dog/0027.jpg,bernese_mountain_dog
data/raw/bernese_mountain_dog/0026.jpg,bernese_mountain_dog
data/raw/bernese_mountain_dog/0032.jpg,bernese_mountain_dog
data/raw/bernese_mountain_dog/0024.jpg,bernese_mountain_dog
data/raw/bernese_mountain_dog/0030.jpg,bernese_mountain_dog
data/raw/bernese_mountain_dog/0018.jpg,bernese_mountain_dog
data/raw/bernese_mountain_dog/0019.jpg,bernese_mountain_dog
data/raw/bernese_mountain_dog/0031.jpg,bernese_mountain_dog
data/raw/bernese_mountain_dog/0025.jpg,bernese_mountain_dog
data/raw/bernese_mountain_dog/0009.jpg,bernese_mountain_dog
data/raw/bernese_mountain_dog/0021.jpg,bernese_mountain_dog
data/raw/bernese_mountain_dog/0035.jpg,bernese_mountain_dog
data/raw/black_and_tan_coonhound/0012.jpg,black_and_tan_coonhound
data/raw/black_and_tan_coonhound/0006.jpg,black_and_tan_coonhound
data/raw/black_and_tan_coonhound/0007.jpg,black_and_tan_coonhound
data/raw/black_and_tan_coonhound/0013.jpg,black_and_tan_coonhound
data/raw/black_and_tan_coonhound/0005.jpg,black_and_tan_coonhound
data/raw/black_and_tan_coonhound/0011.jpg,black_and_tan_coonhound
data/raw/black_and_tan_coonhound/0039.jpg,black_and_tan_coonhound
data/raw/black_and_tan_coonhound/0038.jpg,black_and_tan_coonhound
data/raw/black_and_tan_coonhound/0010.jpg,black_and_tan_coonhound
data/raw/black_and_tan_coonhound/0004.jpg,black_and_tan_coonhound
data/raw/black_and_tan_coonhound/0028.jpg,black_and_tan_coonhound
data/raw/black_and_tan_coonhound/0014.jpg,black_and_tan_coonhound
data/raw/black_and_tan_coonhound/0015.jpg,black_and_tan_coonhound
data/raw/black_and_tan_coonhound/0001.jpg,black_and_tan_coonhound
data/raw/black_and_tan_coonhound/0029.jpg,black_and_tan_coonhound
data/raw/black_and_tan_coonhound/0017.jpg,black_and_tan_coonhound
data/raw/black_and_tan_coonhound/0003.jpg,black_and_tan_coonhound
data/raw/black_and_tan_coonhound/0002.jpg,black_and_tan_coonhound
data/raw/black_and_tan_coonhound/0016.jpg,black_and_tan_coonhound
data/raw/black_and_tan_coonhound/0033.jpg,black_and_tan_coonhound
data/raw/black_and_tan_coonhound/0027.jpg,black_and_tan_coonhound
data/raw/black_and_tan_coonhound/0026.jpg,black_and_tan_coonhound
data/raw/black_and_tan_coonhound/0032.jpg,black_and_tan_coonhound
data/raw/black_and_tan_coonhound/0024.jpg,black_and_tan_coonhound
data/raw/black_and_tan_coonhound/0030.jpg,black_and_tan_coonhound
data/raw/black_and_tan_coonhound/0018.jpg,black_and_tan_coonhound
data/raw/black_and_tan_coonhound/0019.jpg,black_and_tan_coonhound
data/raw/black_and_tan_coonhound/0031.jpg,black_and_tan_coonhound
data/raw/black_and_tan_coonhound/0025.jpg,black_and_tan_coonhound
data/raw/black_and_tan_coonhound/0009.jpg,black_and_tan_coonhound
data/raw/black_and_tan_coonhound/0021.jpg,black_and_tan_coonhound
data/raw/black_and_tan_coonhound/0035.jpg,black_and_tan_coonhound
data/raw/blenheim_spaniel/0012.jpg,blenheim_spaniel
data/raw/blenheim_spaniel/0006.jpg,blenheim_spaniel
data/raw/blenheim_spaniel/0007.jpg,blenheim_spaniel
data/raw/blenheim_spaniel/0013.jpg,blenheim_spaniel
data/raw/blenheim_spaniel/0005.jpg,blenheim_spaniel
data/raw/blenheim_spaniel/0011.jpg,blenheim_spaniel
data/raw/blenheim_spaniel/0039.jpg,blenheim_spaniel
data/raw/blenheim_spaniel/0038.jpg,blenheim_spaniel
data/raw/blenheim_spaniel/0010.jpg,blenheim_spaniel
data/raw/blenheim_spaniel/0004.jpg,blenheim_spaniel
data/raw/blenheim_spaniel/0028.jpg,blenheim_spaniel
data/raw/blenheim_spaniel/0014.jpg,blenheim_spaniel
data/raw/blenheim_spaniel/0015.jpg,blenheim_spaniel
data/raw/blenheim_spaniel/0001.jpg,blenheim_spaniel
data/raw/blenheim_spaniel/0029.jpg,blenheim_spaniel
data/raw/blenheim_spaniel/0017.jpg,blenheim_spaniel
data/raw/blenheim_spaniel/0003.jpg,blenheim_spaniel
data/raw/blenheim_spaniel/0002.jpg,blenheim_spaniel
data/raw/blenheim_spaniel/0016.jpg,blenheim_spaniel
data/raw/blenheim_spaniel/0033.jpg,blenheim_spaniel
data/raw/blenheim_spaniel/0027.jpg,blenheim_spaniel
data/raw/blenheim_spaniel/0026.jpg,blenheim_spaniel
data/raw/blenheim_spaniel/0032.jpg,blenheim_spaniel
data/raw/blenheim_spaniel/0024.jpg,blenheim_spaniel
data/raw/blenheim_spaniel/0030.jpg,blenheim_spaniel
data/raw/blenheim_spaniel/0018.jpg,blenheim_spaniel
data/raw/blenheim_spaniel/0019.jpg,blenheim_spaniel
data/raw/blenheim_spaniel/0031.jpg,blenheim_spaniel
data/raw/blenheim_spaniel/0025.jpg,blenheim_spaniel
data/raw/blenheim_spaniel/0009.jpg,blenheim_spaniel
data/raw/blenheim_spaniel/0021.jpg,blenheim_spaniel
data/raw/blenheim_spaniel/0035.jpg,blenheim_spaniel
data/raw/bloodhound/0012.jpg,bloodhound
data/raw/bloodhound/0006.jpg,bloodhound
data/raw/bloodhound/0007.jpg,bloodhound
data/raw/bloodhound/0013.jpg,bloodhound
data/raw/bloodhound/0005.jpg,bloodhound
data/raw/bloodhound/0011.jpg,bloodhound
data/raw/bloodhound/0039.jpg,bloodhound
data/raw/bloodhound/0038.jpg,bloodhound
data/raw/bloodhound/0010.jpg,bloodhound
data/raw/bloodhound/0004.jpg,bloodhound
data/raw/bloodhound/0028.jpg,bloodhound
data/raw/bloodhound/0014.jpg,bloodhound
data/raw/bloodhound/0015.jpg,bloodhound
data/raw/bloodhound/0001.jpg,bloodhound
data/raw/bloodhound/0029.jpg,bloodhound
data/raw/bloodhound/0017.jpg,bloodhound
data/raw/bloodhound/0003.jpg,bloodhound
data/raw/bloodhound/0002.jpg,bloodhound
data/raw/bloodhound/0016.jpg,bloodhound
data/raw/bloodhound/0033.jpg,bloodhound
data/raw/bloodhound/0027.jpg,bloodhound
data/raw/bloodhound/0026.jpg,bloodhound
data/raw/bloodhound/0032.jpg,bloodhound
data/raw/bloodhound/0024.jpg,bloodhound
data/raw/bloodhound/0030.jpg,bloodhound
data/raw/bloodhound/0018.jpg,bloodhound
data/raw/bloodhound/0019.jpg,bloodhound
data/raw/bloodhound/0031.jpg,bloodhound
data/raw/bloodhound/0025.jpg,bloodhound
data/raw/bloodhound/0009.jpg,bloodhound
data/raw/bloodhound/0021.jpg,bloodhound
data/raw/bloodhound/0035.jpg,bloodhound
data/raw/bluetick_coonhound/0012.jpg,bluetick_coonhound
data/raw/bluetick_coonhound/0006.jpg,bluetick_coonhound
data/raw/bluetick_coonhound/0007.jpg,bluetick_coonhound
data/raw/bluetick_coonhound/0013.jpg,bluetick_coonhound
data/raw/bluetick_coonhound/0005.jpg,bluetick_coonhound
data/raw/bluetick_coonhound/0011.jpg,bluetick_coonhound
data/raw/bluetick_coonhound/0039.jpg,bluetick_coonhound
data/raw/bluetick_coonhound/0038.jpg,bluetick_coonhound
data/raw/bluetick_coonhound/0010.jpg,bluetick_coonhound
data/raw/bluetick_coonhound/0004.jpg,bluetick_coonhound
data/raw/bluetick_coonhound/0028.jpg,bluetick_coonhound
data/raw/bluetick_coonhound/0014.jpg,bluetick_coonhound
data/raw/bluetick_coonhound/0015.jpg,bluetick_coonhound
data/raw/bluetick_coonhound/0001.jpg,bluetick_coonhound
data/raw/bluetick_coonhound/0029.jpg,bluetick_coonhound
data/raw/bluetick_coonhound/0017.jpg,bluetick_coonhound
data/raw/bluetick_coonhound/0003.jpg,bluetick_coonhound
data/raw/bluetick_coonhound/0002.jpg,bluetick_coonhound
data/raw/bluetick_coonhound/0016.jpg,bluetick_coonhound
data/raw/bluetick_coonhound/0033.jpg,bluetick_coonhound
data/raw/bluetick_coonhound/0027.jpg,bluetick_coonhound
data/raw/bluetick_coonhound/0026.jpg,bluetick_coonhound
data/raw/bluetick_coonhound/0032.jpg,bluetick_coonhound
data/raw/bluetick_coonhound/0024.jpg,bluetick_coonhound
data/raw/bluetick_coonhound/0030.jpg,bluetick_coonhound
data/raw/bluetick_coonhound/0018.jpg,bluetick_coonhound
data/raw/bluetick_coonhound/0019.jpg,bluetick_coonhound
data/raw/bluetick_coonhound/0031.jpg,bluetick_coonhound
data/raw/bluetick_coonhound/0025.jpg,bluetick_coonhound
data/raw/bluetick_coonhound/0009.jpg,bluetick_coonhound
data/raw/bluetick_coonhound/0021.jpg,bluetick_coonhound
data/raw/bluetick_coonhound/0035.jpg,bluetick_coonhound
data/raw/border_collie/0012.jpg,border_collie
data/raw/border_collie/0006.jpg,border_collie
data/raw/border_collie/0007.jpg,border_collie
data/raw/border_collie/0013.jpg,border_collie
data/raw/border_collie/0005.jpg,border_collie
data/raw/border_collie/0011.jpg,border_collie
data/raw/border_collie/0039.jpg,border_collie
data/raw/border_collie/0038.jpg,border_collie
data/raw/border_collie/0010.jpg,border_collie
data/raw/border_collie/0004.jpg,border_collie
data/raw/border_collie/0028.jpg,border_collie
data/raw/border_collie/0014.jpg,border_collie
data/raw/border_collie/0015.jpg,border_collie
data/raw/border_collie/0001.jpg,border_collie
data/raw/border_collie/0029.jpg,border_collie
data/raw/border_collie/0017.jpg,border_collie
data/raw/border_collie/0003.jpg,border_collie
data/raw/border_collie/0002.jpg,border_collie
data/raw/border_collie/0016.jpg,border_collie
data/raw/border_collie/0033.jpg,border_collie
data/raw/border_collie/0027.jpg,border_collie
data/raw/border_collie/0026.jpg,border_collie
data/raw/border_collie/0032.jpg,border_collie
data/raw/border_collie/0024.jpg,border_collie
data/raw/border_collie/0030.jpg,border_collie
data/raw/border_collie/0018.jpg,border_collie
data/raw/border_collie/0019.jpg,border_collie
data/raw/border_collie/0031.jpg,border_collie
data/raw/border_collie/0025.jpg,border_collie
data/raw/border_collie/0009.jpg,border_collie
data/raw/border_collie/0021.jpg,border_collie
data/raw/border_collie/0035.jpg,border_collie
data/raw/border_terrier/0012.jpg,border_terrier
data/raw/border_terrier/0006.jpg,border_terrier
data/raw/border_terrier/0007.jpg,border_terrier
data/raw/border_terrier/0013.jpg,border_terrier
data/raw/border_terrier/0005.jpg,border_terrier
data/raw/border_terrier/0011.jpg,border_terrier
data/raw/border_terrier/0039.jpg,border_terrier
data/raw/border_terrier/0038.jpg,border_terrier
data/raw/border_terrier/0010.jpg,border_terrier
data/raw/border_terrier/0004.jpg,border_terrier
data/raw/border_terrier/0028.jpg,border_terrier
data/raw/border_terrier/0014.jpg,border_terrier
data/raw/border_terrier/0015.jpg,border_terrier
data/raw/border_terrier/0001.jpg,border_terrier
data/raw/border_terrier/0029.jpg,border_terrier
data/raw/border_terrier/0017.jpg,border_terrier
data/raw/border_terrier/0003.jpg,border_terrier
data/raw/border_terrier/0002.jpg,border_terrier
data/raw/border_terrier/0016.jpg,border_terrier
data/raw/border_terrier/0033.jpg,border_terrier
data/raw/border_terrier/0027.jpg,border_terrier
data/raw/border_terrier/0026.jpg,border_terrier
data/raw/border_terrier/0032.jpg,border_terrier
data/raw/border_terrier/0024.jpg,border_terrier
data/raw/border_terrier/0030.jpg,border_terrier
data/raw/border_terrier/0018.jpg,border_terrier
data/raw/border_terrier/0019.jpg,border_terrier
data/raw/border_terrier/0031.jpg,border_terrier
data/raw/border_terrier/0025.jpg,border_terrier
data/raw/border_terrier/0009.jpg,border_terrier
data/raw/border_terrier/0021.jpg,border_terrier
data/raw/border_terrier/0035.jpg,border_terrier
data/raw/borzoi/0012.jpg,borzoi
data/raw/borzoi/0006.jpg,borzoi
data/raw/borzoi/0007.jpg,borzoi
data/raw/borzoi/0013.jpg,borzoi
data/raw/borzoi/0005.jpg,borzoi
data/raw/borzoi/0011.jpg,borzoi
data/raw/borzoi/0039.jpg,borzoi
data/raw/borzoi/0038.jpg,borzoi
data/raw/borzoi/0010.jpg,borzoi
data/raw/borzoi/0004.jpg,borzoi
data/raw/borzoi/0028.jpg,borzoi
data/raw/borzoi/0014.jpg,borzoi
data/raw/borzoi/0015.jpg,borzoi
data/raw/borzoi/0001.jpg,borzoi
data/raw/borzoi/0029.jpg,borzoi
data/raw/borzoi/0017.jpg,borzoi
data/raw/borzoi/0003.jpg,borzoi
data/raw/borzoi/0002.jpg,borzoi
data/raw/borzoi/0016.jpg,borzoi
data/raw/borzoi/0033.jpg,borzoi
data/raw/borzoi/0027.jpg,borzoi
data/raw/borzoi/0026.jpg,borzoi
data/raw/borzoi/0032.jpg,borzoi
data/raw/borzoi/0024.jpg,borzoi
data/raw/borzoi/0030.jpg,borzoi
data/raw/borzoi/0018.jpg,borzoi
data/raw/borzoi/0019.jpg,borzoi
data/raw/borzoi/0031.jpg,borzoi
data/raw/borzoi/0025.jpg,borzoi
data/raw/borzoi/0009.jpg,borzoi
data/raw/borzoi/0021.jpg,borzoi
data/raw/borzoi/0035.jpg,borzoi
data/raw/boston_terrier/0012.jpg,boston_terrier
data/raw/boston_terrier/0006.jpg,boston_terrier
data/raw/boston_terrier/0007.jpg,boston_terrier
data/raw/boston_terrier/0013.jpg,boston_terrier
data/raw/boston_terrier/0005.jpg,boston_terrier
data/raw/boston_terrier/0011.jpg,boston_terrier
data/raw/boston_terrier/0039.jpg,boston_terrier
data/raw/boston_terrier/0038.jpg,boston_terrier
data/raw/boston_terrier/0010.jpg,boston_terrier
data/raw/boston_terrier/0004.jpg,boston_terrier
data/raw/boston_terrier/0028.jpg,boston_terrier
data/raw/boston_terrier/0014.jpg,boston_terrier
data/raw/boston_terrier/0015.jpg,boston_terrier
data/raw/boston_terrier/0001.jpg,boston_terrier
data/raw/boston_terrier/0029.jpg,boston_terrier
data/raw/boston_terrier/0017.jpg,boston_terrier
data/raw/boston_terrier/0003.jpg,boston_terrier
data/raw/boston_terrier/0002.jpg,boston_terrier
data/raw/boston_terrier/0016.jpg,boston_terrier
data/raw/boston_terrier/0033.jpg,boston_terrier
data/raw/boston_terrier/0027.jpg,boston_terrier
data/raw/boston_terrier/0026.jpg,boston_terrier
data/raw/boston_terrier/0032.jpg,boston_terrier
data/raw/boston_terrier/0024.jpg,boston_terrier
data/raw/boston_terrier/0030.jpg,boston_terrier
data/raw/boston_terrier/0018.jpg,boston_terrier
data/raw/boston_terrier/0019.jpg,boston_terrier
data/raw/boston_terrier/0031.jpg,boston_terrier
data/raw/boston_terrier/0025.jpg,boston_terrier
data/raw/boston_terrier/0009.jpg,boston_terrier
data/raw/boston_terrier/0021.jpg,boston_terrier
data/raw/boston_terrier/0035.jpg,boston_terrier
data/raw/bouvier_des_flandres/0012.jpg,bouvier_des_flandres
data/raw/bouvier_des_flandres/0006.jpg,bouvier_des_flandres
data/raw/bouvier_des_flandres/0007.jpg,bouvier_des_flandres
data/raw/bouvier_des_flandres/0013.jpg,bouvier_des_flandres
data/raw/bouvier_des_flandres/0005.jpg,bouvier_des_flandres
data/raw/bouvier_des_flandres/0011.jpg,bouvier_des_flandres
data/raw/bouvier_des_flandres/0039.jpg,bouvier_des_flandres
data/raw/bouvier_des_flandres/0038.jpg,bouvier_des_flandres
data/raw/bouvier_des_flandres/0010.jpg,bouvier_des_flandres
data/raw/bouvier_des_flandres/0004.jpg,bouvier_des_flandres
data/raw/bouvier_des_flandres/0028.jpg,bouvier_des_flandres
data/raw/bouvier_des_flandres/0014.jpg,bouvier_des_flandres
data/raw/bouvier_des_flandres/0015.jpg,bouvier_des_flandres
data/raw/bouvier_des_flandres/0001.jpg,bouvier_des_flandres
data/raw/bouvier_des_flandres/0029.jpg,bouvier_des_flandres
data/raw/bouvier_des_flandres/0017.jpg,bouvier_des_flandres
data/raw/bouvier_des_flandres/0003.jpg,bouvier_des_flandres
data/raw/bouvier_des_flandres/0002.jpg,bouvier_des_flandres
data/raw/bouvier_des_flandres/0016.jpg,bouvier_des_flandres
data/raw/bouvier_des_flandres/0033.jpg,bouvier_des_flandres
data/raw/bouvier_des_flandres/0027.jpg,bouvier_des_flandres
data/raw/bouvier_des_flandres/0026.jpg,bouvier_des_flandres
data/raw/bouvier_des_flandres/0032.jpg,bouvier_des_flandres
data/raw/bouvier_des_flandres/0024.jpg,bouvier_des_flandres
data/raw/bouvier_des_flandres/0030.jpg,bouvier_des_flandres
data/raw/bouvier_des_flandres/0018.jpg,bouvier_des_flandres
data/raw/bouvier_des_flandres/0019.jpg,bouvier_des_flandres
data/raw/bouvier_des_flandres/0031.jpg,bouvier_des_flandres
data/raw/bouvier_des_flandres/0025.jpg,bouvier_des_flandres
data/raw/bouvier_des_flandres/0009.jpg,bouvier_des_flandres
data/raw/bouvier_des_flandres/0021.jpg,bouvier_des_flandres
data/raw/bouvier_des_flandres/0035.jpg,bouvier_des_flandres
data/raw/boxer/0012.jpg,boxer
data/raw/boxer/0006.jpg,boxer
data/raw/boxer/0007.jpg,boxer
data/raw/boxer/0013.jpg,boxer
data/raw/boxer/0005.jpg,boxer
data/raw/boxer/0011.jpg,boxer
data/raw/boxer/0039.jpg,boxer
data/raw/boxer/0038.jpg,boxer
data/raw/boxer/0010.jpg,boxer
data/raw/boxer/0004.jpg,boxer
data/raw/boxer/0028.jpg,boxer
data/raw/boxer/0014.jpg,boxer
data/raw/boxer/0015.jpg,boxer
data/raw/boxer/0001.jpg,boxer
data/raw/boxer/0029.jpg,boxer
data/raw/boxer/0017.jpg,boxer
data/raw/boxer/0003.jpg,boxer
data/raw/boxer/0002.jpg,boxer
data/raw/boxer/0016.jpg,boxer
data/raw/boxer/0033.jpg,boxer
data/raw/boxer/0027.jpg,boxer
data/raw/boxer/0026.jpg,boxer
data/raw/boxer/0032.jpg,boxer
data/raw/boxer/0024.jpg,boxer
data/raw/boxer/0030.jpg,boxer
data/raw/boxer/0018.jpg,boxer
data/raw/boxer/0019.jpg,boxer
data/raw/boxer/0031.jpg,boxer
data/raw/boxer/0025.jpg,boxer
data/raw/boxer/0009.jpg,boxer
data/raw/boxer/0021.jpg,boxer
data/raw/boxer/0035.jpg,boxer
data/raw/brabancon_griffon/0012.jpg,brabancon_griffon
data/raw/brabancon_griffon/0007.jpg,brabancon_griffon
data/raw/brabancon_griffon/0013.jpg,brabancon_griffon
data/raw/brabancon_griffon/0005.jpg,brabancon_griffon
data/raw/brabancon_griffon/0011.jpg,brabancon_griffon
data/raw/brabancon_griffon/0039.jpg,brabancon_griffon
data/raw/brabancon_griffon/0038.jpg,brabancon_griffon
data/raw/brabancon_griffon/0010.jpg,brabancon_griffon
data/raw/brabancon_griffon/0004.jpg,brabancon_griffon
data/raw/brabancon_griffon/0028.jpg,brabancon_griffon
data/raw/brabancon_griffon/0014.jpg,brabancon_griffon
data/raw/brabancon_griffon/0015.jpg,brabancon_griffon
data/raw/brabancon_griffon/0001.jpg,brabancon_griffon
data/raw/brabancon_griffon/0029.jpg,brabancon_griffon
data/raw/brabancon_griffon/0017.jpg,brabancon_griffon
data/raw/brabancon_griffon/0003.jpg,brabancon_griffon
data/raw/brabancon_griffon/0002.jpg,brabancon_griffon
data/raw/brabancon_griffon/0016.jpg,brabancon_griffon
data/raw/brabancon_griffon/0033.jpg,brabancon_griffon
data/raw/brabancon_griffon/0027.jpg,brabancon_griffon
data/raw/brabancon_griffon/0026.jpg,brabancon_griffon
data/raw/brabancon_griffon/0032.jpg,brabancon_griffon
data/raw/brabancon_griffon/0024.jpg,brabancon_griffon
data/raw/brabancon_griffon/0030.jpg,brabancon_griffon
data/raw/brabancon_griffon/0018.jpg,brabancon_griffon
data/raw/brabancon_griffon/0019.jpg,brabancon_griffon
data/raw/brabancon_griffon/0031.jpg,brabancon_griffon
data/raw/brabancon_griffon/0025.jpg,brabancon_griffon
data/raw/brabancon_griffon/0009.jpg,brabancon_griffon
data/raw/brabancon_griffon/0021.jpg,brabancon_griffon
data/raw/brabancon_griffon/0035.jpg,brabancon_griffon
data/raw/briard/0012.jpg,briard
data/raw/briard/0006.jpg,briard
data/raw/briard/0007.jpg,briard
data/raw/briard/0013.jpg,briard
data/raw/briard/0005.jpg,briard
data/raw/briard/0011.jpg,briard
data/raw/briard/0039.jpg,briard
data/raw/briard/0038.jpg,briard
data/raw/briard/0010.jpg,briard
data/raw/briard/0004.jpg,briard
data/raw/briard/0028.jpg,briard
data/raw/briard/0014.jpg,briard
data/raw/briard/0015.jpg,briard
data/raw/briard/0001.jpg,briard
data/raw/briard/0029.jpg,briard
data/raw/briard/0017.jpg,briard
data/raw/briard/0003.jpg,briard
data/raw/briard/0002.jpg,briard
data/raw/briard/0016.jpg,briard
data/raw/briard/0033.jpg,briard
data/raw/briard/0027.jpg,briard
data/raw/briard/0026.jpg,briard
data/raw/briard/0032.jpg,briard
data/raw/briard/0024.jpg,briard
data/raw/briard/0030.jpg,briard
data/raw/briard/0018.jpg,briard
data/raw/briard/0019.jpg,briard
data/raw/briard/0031.jpg,briard
data/raw/briard/0025.jpg,briard
data/raw/briard/0009.jpg,briard
data/raw/briard/0021.jpg,briard
data/raw/briard/0035.jpg,briard
data/raw/brittany_spaniel/0012.jpg,brittany_spaniel
data/raw/brittany_spaniel/0006.jpg,brittany_spaniel
data/raw/brittany_spaniel/0007.jpg,brittany_spaniel
data/raw/brittany_spaniel/0013.jpg,brittany_spaniel
data/raw/brittany_spaniel/0005.jpg,brittany_spaniel
data/raw/brittany_spaniel/0011.jpg,brittany_spaniel
data/raw/brittany_spaniel/0039.jpg,brittany_spaniel
data/raw/brittany_spaniel/0038.jpg,brittany_spaniel
data/raw/brittany_spaniel/0010.jpg,brittany_spaniel
data/raw/brittany_spaniel/0004.jpg,brittany_spaniel
data/raw/brittany_spaniel/0028.jpg,brittany_spaniel
data/raw/brittany_spaniel/0014.jpg,brittany_spaniel
data/raw/brittany_spaniel/0015.jpg,brittany_spaniel
data/raw/brittany_spaniel/0001.jpg,brittany_spaniel
data/raw/brittany_spaniel/0029.jpg,brittany_spaniel
data/raw/brittany_spaniel/0017.jpg,brittany_spaniel
data/raw/brittany_spaniel/0003.jpg,brittany_spaniel
data/raw/brittany_spaniel/0002.jpg,brittany_spaniel
data/raw/brittany_spaniel/0016.jpg,brittany_spaniel
data/raw/brittany_spaniel/0033.jpg,brittany_spaniel
data/raw/brittany_spaniel/0027.jpg,brittany_spaniel
data/raw/brittany_spaniel/0026.jpg,brittany_spaniel
data/raw/brittany_spaniel/0032.jpg,brittany_spaniel
data/raw/brittany_spaniel/0024.jpg,brittany_spaniel
data/raw/brittany_spaniel/0030.jpg,brittany_spaniel
data/raw/brittany_spaniel/0018.jpg,brittany_spaniel
data/raw/brittany_spaniel/0019.jpg,brittany_spaniel
data/raw/brittany_spaniel/0031.jpg,brittany_spaniel
data/raw/brittany_spaniel/0025.jpg,brittany_spaniel
data/raw/brittany_spaniel/0009.jpg,brittany_spaniel
data/raw/brittany_spaniel/0021.jpg,brittany_spaniel
data/raw/brittany_spaniel/0035.jpg,brittany_spaniel
data/raw/bull_mastiff/0012.jpg,bull_mastiff
data/raw/bull_mastiff/0006.jpg,bull_mastiff
data/raw/bull_mastiff/0007.jpg,bull_mastiff
data/raw/bull_mastiff/0013.jpg,bull_mastiff
data/raw/bull_mastiff/0005.jpg,bull_mastiff
data/raw/bull_mastiff/0011.jpg,bull_mastiff
data/raw/bull_mastiff/0039.jpg,bull_mastiff
data/raw/bull_mastiff/0038.jpg,bull_mastiff
data/raw/bull_mastiff/0010.jpg,bull_mastiff
data/raw/bull_mastiff/0004.jpg,bull_mastiff
data/raw/bull_mastiff/0028.jpg,bull_mastiff
data/raw/bull_mastiff/0014.jpg,bull_mastiff
data/raw/bull_mastiff/0015.jpg,bull_mastiff
data/raw/bull_mastiff/0001.jpg,bull_mastiff
data/raw/bull_mastiff/0029.jpg,bull_mastiff
data/raw/bull_mastiff/0017.jpg,bull_mastiff
data/raw/bull_mastiff/0003.jpg,bull_mastiff
data/raw/bull_mastiff/0002.jpg,bull_mastiff
data/raw/bull_mastiff/0016.jpg,bull_mastiff
data/raw/bull_mastiff/0033.jpg,bull_mastiff
data/raw/bull_mastiff/0027.jpg,bull_mastiff
data/raw/bull_mastiff/0026.jpg,bull_mastiff
data/raw/bull_mastiff/0032.jpg,bull_mastiff
data/raw/bull_mastiff/0024.jpg,bull_mastiff
data/raw/bull_mastiff/0030.jpg,bull_mastiff
data/raw/bull_mastiff/0018.jpg,bull_mastiff
data/raw/bull_mastiff/0019.jpg,bull_mastiff
data/raw/bull_mastiff/0031.jpg,bull_mastiff
data/raw/bull_mastiff/0025.jpg,bull_mastiff
data/raw/bull_mastiff/0009.jpg,bull_mastiff
data/raw/bull_mastiff/0021.jpg,bull_mastiff
data/raw/bull_mastiff/0035.jpg,bull_mastiff
data/raw/cairn_terrier/0012.jpg,cairn_terrier
data/raw/cairn_terrier/0006.jpg,cairn_terrier
data/raw/cairn_terrier/0007.jpg,cairn_terrier
data/raw/cairn_terrier/0013.jpg,cairn_terrier
data/raw/cairn_terrier/0005.jpg,cairn_terrier
data/raw/cairn_terrier/0011.jpg,cairn_terrier
data/raw/cairn_terrier/0039.jpg,cairn_terrier
data/raw/cairn_terrier/0038.jpg,cairn_terrier
data/raw/cairn_terrier/0010.jpg,cairn_terrier
data/raw/cairn_terrier/0004.jpg,cairn_terrier
data/raw/cairn_terrier/0028.jpg,cairn_terrier
data/raw/cairn_terrier/0014.jpg,cairn_terrier
data/raw/cairn_terrier/0015.jpg,cairn_terrier
data/raw/cairn_terrier/0001.jpg,cairn_terrier
data/raw/cairn_terrier/0029.jpg,cairn_terrier
data/raw/cairn_terrier/0017.jpg,cairn_terrier
data/raw/cairn_terrier/0003.jpg,cairn_terrier
data/raw/cairn_terrier/0002.jpg,cairn_terrier
data/raw/cairn_terrier/0016.jpg,cairn_terrier
data/raw/cairn_terrier/0033.jpg,cairn_terrier
data/raw/cairn_terrier/0027.jpg,cairn_terrier
data/raw/cairn_terrier/0026.jpg,cairn_terrier
data/raw/cairn_terrier/0032.jpg,cairn_terrier
data/raw/cairn_terrier/0024.jpg,cairn_terrier
data/raw/cairn_terrier/0030.jpg,cairn_terrier
data/raw/cairn_terrier/0018.jpg,cairn_terrier
data/raw/cairn_terrier/0019.jpg,cairn_terrier
data/raw/cairn_terrier/0031.jpg,cairn_terrier
data/raw/cairn_terrier/0025.jpg,cairn_terrier
data/raw/cairn_terrier/0009.jpg,cairn_terrier
data/raw/cairn_terrier/0021.jpg,cairn_terrier
data/raw/cairn_terrier/0035.jpg,cairn_terrier
data/raw/cardigan_welsh_corgi/0012.jpg,cardigan_welsh_corgi
data/raw/cardigan_welsh_corgi/0006.jpg,cardigan_welsh_corgi
data/raw/cardigan_welsh_corgi/0007.jpg,cardigan_welsh_corgi
data/raw/cardigan_welsh_corgi/0013.jpg,cardigan_welsh_corgi
data/raw/cardigan_welsh_corgi/0005.jpg,cardigan_welsh_corgi
data/raw/cardigan_welsh_corgi/0011.jpg,cardigan_welsh_corgi
data/raw/cardigan_welsh_corgi/0039.jpg,cardigan_welsh_corgi
data/raw/cardigan_welsh_corgi/0038.jpg,cardigan_welsh_corgi
data/raw/cardigan_welsh_corgi/0010.jpg,cardigan_welsh_corgi
data/raw/cardigan_welsh_corgi/0004.jpg,cardigan_welsh_corgi
data/raw/cardigan_welsh_corgi/0028.jpg,cardigan_welsh_corgi
data/raw/cardigan_welsh_corgi/0014.jpg,cardigan_welsh_corgi
data/raw/cardigan_welsh_corgi/0015.jpg,cardigan_welsh_corgi
data/raw/cardigan_welsh_corgi/0001.jpg,cardigan_welsh_corgi
data/raw/cardigan_welsh_corgi/0029.jpg,cardigan_welsh_corgi
data/raw/cardigan_welsh_corgi/0017.jpg,cardigan_welsh_corgi
data/raw/cardigan_welsh_corgi/0003.jpg,cardigan_welsh_corgi
data/raw/cardigan_welsh_corgi/0002.jpg,cardigan_welsh_corgi
data/raw/cardigan_welsh_corgi/0016.jpg,cardigan_welsh_corgi
data/raw/cardigan_welsh_corgi/0033.jpg,cardigan_welsh_corgi
data/raw/cardigan_welsh_corgi/0027.jpg,cardigan_welsh_corgi
data/raw/cardigan_welsh_corgi/0026.jpg,cardigan_welsh_corgi
data/raw/cardigan_welsh_corgi/0032.jpg,cardigan_welsh_corgi
data/raw/cardigan_welsh_corgi/0024.jpg,cardigan_welsh_corgi
data/raw/cardigan_welsh_corgi/0030.jpg,cardigan_welsh_corgi
data/raw/cardigan_welsh_corgi/0018.jpg,cardigan_welsh_corgi
data/raw/cardigan_welsh_corgi/0019.jpg,cardigan_welsh_corgi
data/raw/cardigan_welsh_corgi/0031.jpg,cardigan_welsh_corgi
data/raw/cardigan_welsh_corgi/0025.jpg,cardigan_welsh_corgi
data/raw/cardigan_welsh_corgi/0009.jpg,cardigan_welsh_corgi
data/raw/cardigan_welsh_corgi/0021.jpg,cardigan_welsh_corgi
data/raw/cardigan_welsh_corgi/0035.jpg,cardigan_welsh_corgi
data/raw/chesapeake_bay_retriever/0012.jpg,chesapeake_bay_retriever
data/raw/chesapeake_bay_retriever/0006.jpg,chesapeake_bay_retriever
data/raw/chesapeake_bay_retriever/0007.jpg,chesapeake_bay_retriever
data/raw/chesapeake_bay_retriever/0013.jpg,chesapeake_bay_retriever
data/raw/chesapeake_bay_retriever/0005.jpg,chesapeake_bay_retriever
data/raw/chesapeake_bay_retriever/0011.jpg,chesapeake_bay_retriever
data/raw/chesapeake_bay_retriever/0039.jpg,chesapeake_bay_retriever
data/raw/chesapeake_bay_retriever/0038.jpg,chesapeake_bay_retriever
data/raw/chesapeake_bay_retriever/0010.jpg,chesapeake_bay_retriever
data/raw/chesapeake_bay_retriever/0004.jpg,chesapeake_bay_retriever
data/raw/chesapeake_bay_retriever/0028.jpg,chesapeake_bay_retriever
data/raw/chesapeake_bay_retriever/0014.jpg,chesapeake_bay_retriever
data/raw/chesapeake_bay_retriever/0015.jpg,chesapeake_bay_retriever
data/raw/chesapeake_bay_retriever/0001.jpg,chesapeake_bay_retriever
data/raw/chesapeake_bay_retriever/0029.jpg,chesapeake_bay_retriever
data/raw/chesapeake_bay_retriever/0017.jpg,chesapeake_bay_retriever
data/raw/chesapeake_bay_retriever/0003.jpg,chesapeake_bay_retriever
data/raw/chesapeake_bay_retriever/0002.jpg,chesapeake_bay_retriever
data/raw/chesapeake_bay_retriever/0016.jpg,chesapeake_bay_retriever
data/raw/chesapeake_bay_retriever/0033.jpg,chesapeake_bay_retriever
data/raw/chesapeake_bay_retriever/0027.jpg,chesapeake_bay_retriever
data/raw/chesapeake_bay_retriever/0026.jpg,chesapeake_bay_retriever
data/raw/chesapeake_bay_retriever/0032.jpg,chesapeake_bay_retriever
data/raw/chesapeake_bay_retriever/0024.jpg,chesapeake_bay_retriever
data/raw/chesapeake_bay_retriever/0030.jpg,chesapeake_bay_retriever
data/raw/chesapeake_bay_retriever/0018.jpg,chesapeake_bay_retriever
data/raw/chesapeake_bay_retriever/0019.jpg,chesapeake_bay_retriever
data/raw/chesapeake_bay_retriever/0031.jpg,chesapeake_bay_retriever
data/raw/chesapeake_bay_retriever/0025.jpg,chesapeake_bay_retriever
data/raw/chesapeake_bay_retriever/0009.jpg,chesapeake_bay_retriever
data/raw/chesapeake_bay_retriever/0021.jpg,chesapeake_bay_retriever
data/raw/chesapeake_bay_retriever/0035.jpg,chesapeake_bay_retriever
data/raw/chihuahua/0012.jpg,chihuahua
data/raw/chihuahua/0006.jpg,chihuahua
data/raw/chihuahua/0007.jpg,chihuahua
data/raw/chihuahua/0013.jpg,chihuahua
data/raw/chihuahua/0005.jpg,chihuahua
data/raw/chihuahua/0011.jpg,chihuahua
data/raw/chihuahua/0039.jpg,chihuahua
data/raw/chihuahua/0038.jpg,chihuahua
data/raw/chihuahua/0010.jpg,chihuahua
data/raw/chihuahua/0004.jpg,chihuahua
data/raw/chihuahua/0028.jpg,chihuahua
data/raw/chihuahua/0014.jpg,chihuahua
data/raw/chihuahua/0015.jpg,chihuahua
data/raw/chihuahua/0001.jpg,chihuahua
data/raw/chihuahua/0029.jpg,chihuahua
data/raw/chihuahua/0017.jpg,chihuahua
data/raw/chihuahua/0003.jpg,chihuahua
data/raw/chihuahua/0002.jpg,chihuahua
data/raw/chihuahua/0016.jpg,chihuahua
data/raw/chihuahua/0033.jpg,chihuahua
data/raw/chihuahua/0027.jpg,chihuahua
data/raw/chihuahua/0026.jpg,chihuahua
data/raw/chihuahua/0032.jpg,chihuahua
data/raw/chihuahua/0024.jpg,chihuahua
data/raw/chihuahua/0030.jpg,chihuahua
data/raw/chihuahua/0018.jpg,chihuahua
data/raw/chihuahua/0019.jpg,chihuahua
data/raw/chihuahua/0031.jpg,chihuahua
data/raw/chihuahua/0025.jpg,chihuahua
data/raw/chihuahua/0009.jpg,chihuahua
data/raw/chihuahua/0021.jpg,chihuahua
data/raw/chihuahua/0035.jpg,chihuahua
data/raw/chow_chow/0012.jpg,chow_chow
data/raw/chow_chow/0006.jpg,chow_chow
data/raw/chow_chow/0007.jpg,chow_chow
data/raw/chow_chow/0013.jpg,chow_chow
data/raw/chow_chow/0005.jpg,chow_chow
data/raw/chow_chow/0011.jpg,chow_chow
data/raw/chow_chow/0039.jpg,chow_chow
data/raw/chow_chow/0038.jpg,chow_chow
data/raw/chow_chow/0010.jpg,chow_chow
data/raw/chow_chow/0004.jpg,chow_chow
data/raw/chow_chow/0028.jpg,chow_chow
data/raw/chow_chow/0014.jpg,chow_chow
data/raw/chow_chow/0015.jpg,chow_chow
data/raw/chow_chow/0001.jpg,chow_chow
data/raw/chow_chow/0029.jpg,chow_chow
data/raw/chow_chow/0017.jpg,chow_chow
data/raw/chow_chow/0003.jpg,chow_chow
data/raw/chow_chow/0002.jpg,chow_chow
data/raw/chow_chow/0016.jpg,chow_chow
data/raw/chow_chow/0033.jpg,chow_chow
data/raw/chow_chow/0027.jpg,chow_chow
data/raw/chow_chow/0026.jpg,chow_chow
data/raw/chow_chow/0032.jpg,chow_chow
data/raw/chow_chow/0024.jpg,chow_chow
data/raw/chow_chow/0030.jpg,chow_chow
data/raw/chow_chow/0018.jpg,chow_chow
data/raw/chow_chow/0019.jpg,chow_chow
data/raw/chow_chow/0031.jpg,chow_chow
data/raw/chow_chow/0025.jpg,chow_chow
data/raw/chow_chow/0009.jpg,chow_chow
data/raw/chow_chow/0021.jpg,chow_chow
data/raw/chow_chow/0035.jpg,chow_chow
data/raw/clumber_spaniel/0012.jpg,clumber_spaniel
data/raw/clumber_spaniel/0006.jpg,clumber_spaniel
data/raw/clumber_spaniel/0007.jpg,clumber_spaniel
data/raw/clumber_spaniel/0013.jpg,clumber_spaniel
data/raw/clumber_spaniel/0005.jpg,clumber_spaniel
data/raw/clumber_spaniel/0011.jpg,clumber_spaniel
data/raw/clumber_spaniel/0039.jpg,clumber_spaniel
data/raw/clumber_spaniel/0038.jpg,clumber_spaniel
data/raw/clumber_spaniel/0010.jpg,clumber_spaniel
data/raw/clumber_spaniel/0004.jpg,clumber_spaniel
data/raw/clumber_spaniel/0028.jpg,clumber_spaniel
data/raw/clumber_spaniel/0014.jpg,clumber_spaniel
data/raw/clumber_spaniel/0015.jpg,clumber_spaniel
data/raw/clumber_spaniel/0001.jpg,clumber_spaniel
data/raw/clumber_spaniel/0029.jpg,clumber_spaniel
data/raw/clumber_spaniel/0017.jpg,clumber_spaniel
data/raw/clumber_spaniel/0003.jpg,clumber_spaniel
data/raw/clumber_spaniel/0002.jpg,clumber_spaniel
data/raw/clumber_spaniel/0016.jpg,clumber_spaniel
data/raw/clumber_spaniel/0033.jpg,clumber_spaniel
data/raw/clumber_spaniel/0027.jpg,clumber_spaniel
data/raw/clumber_spaniel/0026.jpg,clumber_spaniel
data/raw/clumber_spaniel/0032.jpg,clumber_spaniel
data/raw/clumber_spaniel/0024.jpg,clumber_spaniel
data/raw/clumber_spaniel/0030.jpg,clumber_spaniel
data/raw/clumber_spaniel/0018.jpg,clumber_spaniel
data/raw/clumber_spaniel/0019.jpg,clumber_spaniel
data/raw/clumber_spaniel/0031.jpg,clumber_spaniel
data/raw/clumber_spaniel/0025.jpg,clumber_spaniel
data/raw/clumber_spaniel/0009.jpg,clumber_spaniel
data/raw/clumber_spaniel/0021.jpg,clumber_spaniel
data/raw/clumber_spaniel/0035.jpg,clumber_spaniel
data/raw/cocker_spaniel/0012.jpg,cocker_spaniel
data/raw/cocker_spaniel/0006.jpg,cocker_spaniel
data/raw/cocker_spaniel/0007.jpg,cocker_spaniel
data/raw/cocker_spaniel/0013.jpg,cocker_spaniel
data/raw/cocker_spaniel/0005.jpg,cocker_spaniel
data/raw/cocker_spaniel/0011.jpg,cocker_spaniel
data/raw/cocker_spaniel/0039.jpg,cocker_spaniel
data/raw/cocker_spaniel/0038.jpg,cocker_spaniel
data/raw/cocker_spaniel/0010.jpg,cocker_spaniel
data/raw/cocker_spaniel/0004.jpg,cocker_spaniel
data/raw/cocker_spaniel/0028.jpg,cocker_spaniel
data/raw/cocker_spaniel/0014.jpg,cocker_spaniel
data/raw/cocker_spaniel/0015.jpg,cocker_spaniel
data/raw/cocker_spaniel/0001.jpg,cocker_spaniel
data/raw/cocker_spaniel/0029.jpg,cocker_spaniel
data/raw/cocker_spaniel/0017.jpg,cocker_spaniel
data/raw/cocker_spaniel/0003.jpg,cocker_spaniel
data/raw/cocker_spaniel/0002.jpg,cocker_spaniel
data/raw/cocker_spaniel/0016.jpg,cocker_spaniel
data/raw/cocker_spaniel/0033.jpg,cocker_spaniel
data/raw/cocker_spaniel/0027.jpg,cocker_spaniel
data/raw/cocker_spaniel/0026.jpg,cocker_spaniel
data/raw/cocker_spaniel/0032.jpg,cocker_spaniel
data/raw/cocker_spaniel/0024.jpg,cocker_spaniel
data/raw/cocker_spaniel/0030.jpg,cocker_spaniel
data/raw/cocker_spaniel/0018.jpg,cocker_spaniel
data/raw/cocker_spaniel/0019.jpg,cocker_spaniel
data/raw/cocker_spaniel/0031.jpg,cocker_spaniel
data/raw/cocker_spaniel/0025.jpg,cocker_spaniel
data/raw/cocker_spaniel/0009.jpg,cocker_spaniel
data/raw/cocker_spaniel/0021.jpg,cocker_spaniel
data/raw/cocker_spaniel/0035.jpg,cocker_spaniel
data/raw/collie/0012.jpg,collie
data/raw/collie/0006.jpg,collie
data/raw/collie/0007.jpg,collie
data/raw/collie/0013.jpg,collie
data/raw/collie/0005.jpg,collie
data/raw/collie/0011.jpg,collie
data/raw/collie/0039.jpg,collie
data/raw/collie/0038.jpg,collie
data/raw/collie/0010.jpg,collie
data/raw/collie/0004.jpg,collie
data/raw/collie/0028.jpg,collie
data/raw/collie/0014.jpg,collie
data/raw/collie/0015.jpg,collie
data/raw/collie/0001.jpg,collie
data/raw/collie/0029.jpg,collie
data/raw/collie/0017.jpg,collie
data/raw/collie/0003.jpg,collie
data/raw/collie/0002.jpg,collie
data/raw/collie/0016.jpg,collie
data/raw/collie/0033.jpg,collie
data/raw/collie/0027.jpg,collie
data/raw/collie/0026.jpg,collie
data/raw/collie/0032.jpg,collie
data/raw/collie/0024.jpg,collie
data/raw/collie/0030.jpg,collie
data/raw/collie/0018.jpg,collie
data/raw/collie/0019.jpg,collie
data/raw/collie/0031.jpg,collie
data/raw/collie/0025.jpg,collie
data/raw/collie/0009.jpg,collie
data/raw/collie/0021.jpg,collie
data/raw/collie/0035.jpg,collie
data/raw/curly_coated_retriever/0012.jpg,curly_coated_retriever
data/raw/curly_coated_retriever/0006.jpg,curly_coated_retriever
data/raw/curly_coated_retriever/0007.jpg,curly_coated_retriever
data/raw/curly_coated_retriever/0013.jpg,curly_coated_retriever
data/raw/curly_coated_retriever/0005.jpg,curly_coated_retriever
data/raw/curly_coated_retriever/0011.jpg,curly_coated_retriever
data/raw/curly_coated_retriever/0039.jpg,curly_coated_retriever
data/raw/curly_coated_retriever/0038.jpg,curly_coated_retriever
data/raw/curly_coated_retriever/0010.jpg,curly_coated_retriever
data/raw/curly_coated_retriever/0004.jpg,curly_coated_retriever
data/raw/curly_coated_retriever/0028.jpg,curly_coated_retriever
data/raw/curly_coated_retriever/0014.jpg,curly_coated_retriever
data/raw/curly_coated_retriever/0015.jpg,curly_coated_retriever
data/raw/curly_coated_retriever/0001.jpg,curly_coated_retriever
data/raw/curly_coated_retriever/0029.jpg,curly_coated_retriever
data/raw/curly_coated_retriever/0017.jpg,curly_coated_retriever
data/raw/curly_coated_retriever/0003.jpg,curly_coated_retriever
data/raw/curly_coated_retriever/0002.jpg,curly_coated_retriever
data/raw/curly_coated_retriever/0016.jpg,curly_coated_retriever
data/raw/curly_coated_retriever/0033.jpg,curly_coated_retriever
data/raw/curly_coated_retriever/0027.jpg,curly_coated_retriever
data/raw/curly_coated_retriever/0026.jpg,curly_coated_retriever
data/raw/curly_coated_retriever/0032.jpg,curly_coated_retriever
data/raw/curly_coated_retriever/0024.jpg,curly_coated_retriever
data/raw/curly_coated_retriever/0030.jpg,curly_coated_retriever
data/raw/curly_coated_retriever/0018.jpg,curly_coated_retriever
data/raw/curly_coated_retriever/0019.jpg,curly_coated_retriever
data/raw/curly_coated_retriever/0031.jpg,curly_coated_retriever
data/raw/curly_coated_retriever/0025.jpg,curly_coated_retriever
data/raw/curly_coated_retriever/0009.jpg,curly_coated_retriever
data/raw/curly_coated_retriever/0021.jpg,curly_coated_retriever
data/raw/curly_coated_retriever/0035.jpg,curly_coated_retriever
data/raw/dandie_dinmont_terrier/0012.jpg,dandie_dinmont_terrier
data/raw/dandie_dinmont_terrier/0006.jpg,dandie_dinmont_terrier
data/raw/dandie_dinmont_terrier/0007.jpg,dandie_dinmont_terrier
data/raw/dandie_dinmont_terrier/0013.jpg,dandie_dinmont_terrier
data/raw/dandie_dinmont_terrier/0005.jpg,dandie_dinmont_terrier
data/raw/dandie_dinmont_terrier/0011.jpg,dandie_dinmont_terrier
data/raw/dandie_dinmont_terrier/0039.jpg,dandie_dinmont_terrier
data/raw/dandie_dinmont_terrier/0038.jpg,dandie_dinmont_terrier
data/raw/dandie_dinmont_terrier/0010.jpg,dandie_dinmont_terrier
data/raw/dandie_dinmont_terrier/0004.jpg,dandie_dinmont_terrier
data/raw/dandie_dinmont_terrier/0028.jpg,dandie_dinmont_terrier
data/raw/dandie_dinmont_terrier/0014.jpg,dandie_dinmont_terrier
data/raw/dandie_dinmont_terrier/0015.jpg,dandie_dinmont_terrier
data/raw/dandie_dinmont_terrier/0001.jpg,dandie_dinmont_terrier
data/raw/dandie_dinmont_terrier/0029.jpg,dandie_dinmont_terrier
data/raw/dandie_dinmont_terrier/0017.jpg,dandie_dinmont_terrier
data/raw/dandie_dinmont_terrier/0003.jpg,dandie_dinmont_terrier
data/raw/dandie_dinmont_terrier/0002.jpg,dandie_dinmont_terrier
data/raw/dandie_dinmont_terrier/0016.jpg,dandie_dinmont_terrier
data/raw/dandie_dinmont_terrier/0033.jpg,dandie_dinmont_terrier
data/raw/dandie_dinmont_terrier/0027.jpg,dandie_dinmont_terrier
data/raw/dandie_dinmont_terrier/0026.jpg,dandie_dinmont_terrier
data/raw/dandie_dinmont_terrier/0032.jpg,dandie_dinmont_terrier
data/raw/dandie_dinmont_terrier/0024.jpg,dandie_dinmont_terrier
data/raw/dandie_dinmont_terrier/0030.jpg,dandie_dinmont_terrier
data/raw/dandie_dinmont_terrier/0018.jpg,dandie_dinmont_terrier
data/raw/dandie_dinmont_terrier/0019.jpg,dandie_dinmont_terrier
data/raw/dandie_dinmont_terrier/0031.jpg,dandie_dinmont_terrier
data/raw/dandie_dinmont_terrier/0025.jpg,dandie_dinmont_terrier
data/raw/dandie_dinmont_terrier/0009.jpg,dandie_dinmont_terrier
data/raw/dandie_dinmont_terrier/0021.jpg,dandie_dinmont_terrier
data/raw/dandie_dinmont_terrier/0035.jpg,dandie_dinmont_terrier
data/raw/dhole/0012.jpg,dhole
data/raw/dhole/0006.jpg,dhole
data/raw/dhole/0007.jpg,dhole
data/raw/dhole/0013.jpg,dhole
data/raw/dhole/0005.jpg,dhole
data/raw/dhole/0011.jpg,dhole
data/raw/dhole/0039.jpg,dhole
data/raw/dhole/0038.jpg,dhole
data/raw/dhole/0010.jpg,dhole
data/raw/dhole/0004.jpg,dhole
data/raw/dhole/0028.jpg,dhole
data/raw/dhole/0014.jpg,dhole
data/raw/dhole/0015.jpg,dhole
data/raw/dhole/0001.jpg,dhole
data/raw/dhole/0029.jpg,dhole
data/raw/dhole/0017.jpg,dhole
data/raw/dhole/0003.jpg,dhole
data/raw/dhole/0002.jpg,dhole
data/raw/dhole/0016.jpg,dhole
data/raw/dhole/0033.jpg,dhole
data/raw/dhole/0027.jpg,dhole
data/raw/dhole/0026.jpg,dhole
data/raw/dhole/0032.jpg,dhole
data/raw/dhole/0024.jpg,dhole
data/raw/dhole/0030.jpg,dhole
data/raw/dhole/0018.jpg,dhole
data/raw/dhole/0019.jpg,dhole
data/raw/dhole/0031.jpg,dhole
data/raw/dhole/0025.jpg,dhole
data/raw/dhole/0009.jpg,dhole
data/raw/dhole/0021.jpg,dhole
data/raw/dhole/0035.jpg,dhole
data/raw/dingo/0012.jpg,dingo
data/raw/dingo/0006.jpg,dingo
data/raw/dingo/0007.jpg,dingo
data/raw/dingo/0013.jpg,dingo
data/raw/dingo/0005.jpg,dingo
data/raw/dingo/0011.jpg,dingo
data/raw/dingo/0039.jpg,dingo
data/raw/dingo/0038.jpg,dingo
data/raw/dingo/0010.jpg,dingo
data/raw/dingo/0004.jpg,dingo
data/raw/dingo/0028.jpg,dingo
data/raw/dingo/0014.jpg,dingo
data/raw/dingo/0015.jpg,dingo
data/raw/dingo/0001.jpg,dingo
data/raw/dingo/0029.jpg,dingo
data/raw/dingo/0017.jpg,dingo
data/raw/dingo/0003.jpg,dingo
data/raw/dingo/0002.jpg,dingo
data/raw/dingo/0016.jpg,dingo
data/raw/dingo/0033.jpg,dingo
data/raw/dingo/0027.jpg,dingo
data/raw/dingo/0026.jpg,dingo
data/raw/dingo/0032.jpg,dingo
data/raw/dingo/0024.jpg,dingo
data/raw/dingo/0030.jpg,dingo
data/raw/dingo/0018.jpg,dingo
data/raw/dingo/0019.jpg,dingo
data/raw/dingo/0031.jpg,dingo
data/raw/dingo/0025.jpg,dingo
data/raw/dingo/0009.jpg,dingo
data/raw/dingo/0021.jpg,dingo
data/raw/dingo/0035.jpg,dingo
data/raw/doberman_pinscher/0012.jpg,doberman_pinscher
data/raw/doberman_pinscher/0006.jpg,doberman_pinscher
data/raw/doberman_pinscher/0007.jpg,doberman_pinscher
data/raw/doberman_pinscher/0013.jpg,doberman_pinscher
data/raw/doberman_pinscher/0005.jpg,doberman_pinscher
data/raw/doberman_pinscher/0011.jpg,doberman_pinscher
data/raw/doberman_pinscher/0039.jpg,doberman_pinscher
data/raw/doberman_pinscher/0038.jpg,doberman_pinscher
data/raw/doberman_pinscher/0010.jpg,doberman_pinscher
data/raw/doberman_pinscher/0004.jpg,doberman_pinscher
data/raw/doberman_pinscher/0028.jpg,doberman_pinscher
data/raw/doberman_pinscher/0014.jpg,doberman_pinscher
data/raw/doberman_pinscher/0015.jpg,doberman_pinscher
data/raw/doberman_pinscher/0001.jpg,doberman_pinscher
data/raw/doberman_pinscher/0029.jpg,doberman_pinscher
data/raw/doberman_pinscher/0017.jpg,doberman_pinscher
data/raw/doberman_pinscher/0003.jpg,doberman_pinscher
data/raw/doberman_pinscher/0002.jpg,doberman_pinscher
data/raw/doberman_pinscher/0016.jpg,doberman_pinscher
data/raw/doberman_pinscher/0033.jpg,doberman_pinscher
data/raw/doberman_pinscher/0027.jpg,doberman_pinscher
data/raw/doberman_pinscher/0026.jpg,doberman_pinscher
data/raw/doberman_pinscher/0032.jpg,doberman_pinscher
data/raw/doberman_pinscher/0024.jpg,doberman_pinscher
data/raw/doberman_pinscher/0030.jpg,doberman_pinscher
data/raw/doberman_pinscher/0018.jpg,doberman_pinscher
data/raw/doberman_pinscher/0019.jpg,doberman_pinscher
data/raw/doberman_pinscher/0031.jpg,doberman_pinscher
data/raw/doberman_pinscher/0025.jpg,doberman_pinscher
data/raw/doberman_pinscher/0009.jpg,doberman_pinscher
data/raw/doberman_pinscher/0021.jpg,doberman_pinscher
data/raw/doberman_pinscher/0035.jpg,doberman_pinscher
data/raw/english_cocker_spaniel/0012.jpg,english_cocker_spaniel
data/raw/english_cocker_spaniel/0006.jpg,english_cocker_spaniel
data/raw/english_cocker_spaniel/0007.jpg,english_cocker_spaniel
data/raw/english_cocker_spaniel/0013.jpg,english_cocker_spaniel
data/raw/english_cocker_spaniel/0005.jpg,english_cocker_spaniel
data/raw/english_cocker_spaniel/0011.jpg,english_cocker_spaniel
data/raw/english_cocker_spaniel/0039.jpg,english_cocker_spaniel
data/raw/english_cocker_spaniel/0038.jpg,english_cocker_spaniel
data/raw/english_cocker_spaniel/0010.jpg,english_cocker_spaniel
data/raw/english_cocker_spaniel/0004.jpg,english_cocker_spaniel
data/raw/english_cocker_spaniel/0028.jpg,english_cocker_spaniel
data/raw/english_cocker_spaniel/0014.jpg,english_cocker_spaniel
data/raw/english_cocker_spaniel/0015.jpg,english_cocker_spaniel
data/raw/english_cocker_spaniel/0001.jpg,english_cocker_spaniel
data/raw/english_cocker_spaniel/0029.jpg,english_cocker_spaniel
data/raw/english_cocker_spaniel/0017.jpg,english_cocker_spaniel
data/raw/english_cocker_spaniel/0003.jpg,english_cocker_spaniel
data/raw/english_cocker_spaniel/0002.jpg,english_cocker_spaniel
data/raw/english_cocker_spaniel/0016.jpg,english_cocker_spaniel
data/raw/english_cocker_spaniel/0033.jpg,english_cocker_spaniel
data/raw/english_cocker_spaniel/0027.jpg,english_cocker_spaniel
data/raw/english_cocker_spaniel/0026.jpg,english_cocker_spaniel
data/raw/english_cocker_spaniel/0032.jpg,english_cocker_spaniel
data/raw/english_cocker_spaniel/0024.jpg,english_cocker_spaniel
data/raw/english_cocker_spaniel/0030.jpg,english_cocker_spaniel
data/raw/english_cocker_spaniel/0018.jpg,english_cocker_spaniel
data/raw/english_cocker_spaniel/0019.jpg,english_cocker_spaniel
data/raw/english_cocker_spaniel/0031.jpg,english_cocker_spaniel
data/raw/english_cocker_spaniel/0025.jpg,english_cocker_spaniel
data/raw/english_cocker_spaniel/0009.jpg,english_cocker_spaniel
data/raw/english_cocker_spaniel/0021.jpg,english_cocker_spaniel
data/raw/english_cocker_spaniel/0035.jpg,english_cocker_spaniel
data/raw/english_setter/0012.jpg,english_setter
data/raw/english_setter/0006.jpg,english_setter
data/raw/english_setter/0007.jpg,english_setter
data/raw/english_setter/0013.jpg,english_setter
data/raw/english_setter/0005.jpg,english_setter
data/raw/english_setter/0011.jpg,english_setter
data/raw/english_setter/0039.jpg,english_setter
data/raw/english_setter/0038.jpg,english_setter
data/raw/english_setter/0010.jpg,english_setter
data/raw/english_setter/0004.jpg,english_setter
data/raw/english_setter/0028.jpg,english_setter
data/raw/english_setter/0014.jpg,english_setter
data/raw/english_setter/0015.jpg,english_setter
data/raw/english_setter/0001.jpg,english_setter
data/raw/english_setter/0029.jpg,english_setter
data/raw/english_setter/0017.jpg,english_setter
data/raw/english_setter/0003.jpg,english_setter
data/raw/english_setter/0002.jpg,english_setter
data/raw/english_setter/0016.jpg,english_setter
data/raw/english_setter/0033.jpg,english_setter
data/raw/english_setter/0027.jpg,english_setter
data/raw/english_setter/0026.jpg,english_setter
data/raw/english_setter/0032.jpg,english_setter
data/raw/english_setter/0024.jpg,english_setter
data/raw/english_setter/0030.jpg,english_setter
data/raw/english_setter/0018.jpg,english_setter
data/raw/english_setter/0019.jpg,english_setter
data/raw/english_setter/0031.jpg,english_setter
data/raw/english_setter/0025.jpg,english_setter
data/raw/english_setter/0009.jpg,english_setter
data/raw/english_setter/0021.jpg,english_setter
data/raw/english_setter/0035.jpg,english_setter
data/raw/english_springer_spaniel/0012.jpg,english_springer_spaniel
data/raw/english_springer_spaniel/0006.jpg,english_springer_spaniel
data/raw/english_springer_spaniel/0007.jpg,english_springer_spaniel
data/raw/english_springer_spaniel/0013.jpg,english_springer_spaniel
data/raw/english_springer_spaniel/0005.jpg,english_springer_spaniel
data/raw/english_springer_spaniel/0011.jpg,english_springer_spaniel
data/raw/english_springer_spaniel/0039.jpg,english_springer_spaniel
data/raw/english_springer_spaniel/0038.jpg,english_springer_spaniel
data/raw/english_springer_spaniel/0010.jpg,english_springer_spaniel
data/raw/english_springer_spaniel/0004.jpg,english_springer_spaniel
data/raw/english_springer_spaniel/0028.jpg,english_springer_spaniel
data/raw/english_springer_spaniel/0014.jpg,english_springer_spaniel
data/raw/english_springer_spaniel/0015.jpg,english_springer_spaniel
data/raw/english_springer_spaniel/0001.jpg,english_springer_spaniel
data/raw/english_springer_spaniel/0029.jpg,english_springer_spaniel
data/raw/english_springer_spaniel/0017.jpg,english_springer_spaniel
data/raw/english_springer_spaniel/0003.jpg,english_springer_spaniel
data/raw/english_springer_spaniel/0002.jpg,english_springer_spaniel
data/raw/english_springer_spaniel/0016.jpg,english_springer_spaniel
data/raw/english_springer_spaniel/0033.jpg,english_springer_spaniel
data/raw/english_springer_spaniel/0027.jpg,english_springer_spaniel
data/raw/english_springer_spaniel/0026.jpg,english_springer_spaniel
data/raw/english_springer_spaniel/0032.jpg,english_springer_spaniel
data/raw/english_springer_spaniel/0024.jpg,english_springer_spaniel
data/raw/english_springer_spaniel/0030.jpg,english_springer_spaniel
data/raw/english_springer_spaniel/0018.jpg,english_springer_spaniel
data/raw/english_springer_spaniel/0019.jpg,english_springer_spaniel
data/raw/english_springer_spaniel/0031.jpg,english_springer_spaniel
data/raw/english_springer_spaniel/0025.jpg,english_springer_spaniel
data/raw/english_springer_spaniel/0009.jpg,english_springer_spaniel
data/raw/english_springer_spaniel/0021.jpg,english_springer_spaniel
data/raw/english_springer_spaniel/0035.jpg,english_springer_spaniel
data/raw/english_toy_spaniel/0012.jpg,english_toy_spaniel
data/raw/english_toy_spaniel/0006.jpg,english_toy_spaniel
data/raw/english_toy_spaniel/0007.jpg,english_toy_spaniel
data/raw/english_toy_spaniel/0013.jpg,english_toy_spaniel
data/raw/english_toy_spaniel/0005.jpg,english_toy_spaniel
data/raw/english_toy_spaniel/0011.jpg,english_toy_spaniel
data/raw/english_toy_spaniel/0039.jpg,english_toy_spaniel
data/raw/english_toy_spaniel/0038.jpg,english_toy_spaniel
data/raw/english_toy_spaniel/0010.jpg,english_toy_spaniel
data/raw/english_toy_spaniel/0004.jpg,english_toy_spaniel
data/raw/english_toy_spaniel/0028.jpg,english_toy_spaniel
data/raw/english_toy_spaniel/0014.jpg,english_toy_spaniel
data/raw/english_toy_spaniel/0015.jpg,english_toy_spaniel
data/raw/english_toy_spaniel/0001.jpg,english_toy_spaniel
data/raw/english_toy_spaniel/0029.jpg,english_toy_spaniel
data/raw/english_toy_spaniel/0017.jpg,english_toy_spaniel
data/raw/english_toy_spaniel/0003.jpg,english_toy_spaniel
data/raw/english_toy_spaniel/0002.jpg,english_toy_spaniel
data/raw/english_toy_spaniel/0016.jpg,english_toy_spaniel
data/raw/english_toy_spaniel/0033.jpg,english_toy_spaniel
data/raw/english_toy_spaniel/0027.jpg,english_toy_spaniel
data/raw/english_toy_spaniel/0026.jpg,english_toy_spaniel
data/raw/english_toy_spaniel/0032.jpg,english_toy_spaniel
data/raw/english_toy_spaniel/0024.jpg,english_toy_spaniel
data/raw/english_toy_spaniel/0030.jpg,english_toy_spaniel
data/raw/english_toy_spaniel/0018.jpg,english_toy_spaniel
data/raw/english_toy_spaniel/0019.jpg,english_toy_spaniel
data/raw/english_toy_spaniel/0031.jpg,english_toy_spaniel
data/raw/english_toy_spaniel/0025.jpg,english_toy_spaniel
data/raw/english_toy_spaniel/0009.jpg,english_toy_spaniel
data/raw/english_toy_spaniel/0021.jpg,english_toy_spaniel
data/raw/english_toy_spaniel/0035.jpg,english_toy_spaniel
data/raw/entlebucher_mountain_dog/0012.jpg,entlebucher_mountain_dog
data/raw/entlebucher_mountain_dog/0006.jpg,entlebucher_mountain_dog
data/raw/entlebucher_mountain_dog/0007.jpg,entlebucher_mountain_dog
data/raw/entlebucher_mountain_dog/0013.jpg,entlebucher_mountain_dog
data/raw/entlebucher_mountain_dog/0005.jpg,entlebucher_mountain_dog
data/raw/entlebucher_mountain_dog/0011.jpg,entlebucher_mountain_dog
data/raw/entlebucher_mountain_dog/0039.jpg,entlebucher_mountain_dog
data/raw/entlebucher_mountain_dog/0038.jpg,entlebucher_mountain_dog
data/raw/entlebucher_mountain_dog/0010.jpg,entlebucher_mountain_dog
data/raw/entlebucher_mountain_dog/0004.jpg,entlebucher_mountain_dog
data/raw/entlebucher_mountain_dog/0028.jpg,entlebucher_mountain_dog
data/raw/entlebucher_mountain_dog/0014.jpg,entlebucher_mountain_dog
data/raw/entlebucher_mountain_dog/0015.jpg,entlebucher_mountain_dog
data/raw/entlebucher_mountain_dog/0001.jpg,entlebucher_mountain_dog
data/raw/entlebucher_mountain_dog/0029.jpg,entlebucher_mountain_dog
data/raw/entlebucher_mountain_dog/0017.jpg,entlebucher_mountain_dog
data/raw/entlebucher_mountain_dog/0003.jpg,entlebucher_mountain_dog
data/raw/entlebucher_mountain_dog/0002.jpg,entlebucher_mountain_dog
data/raw/entlebucher_mountain_dog/0016.jpg,entlebucher_mountain_dog
data/raw/entlebucher_mountain_dog/0033.jpg,entlebucher_mountain_dog
data/raw/entlebucher_mountain_dog/0027.jpg,entlebucher_mountain_dog
data/raw/entlebucher_mountain_dog/0026.jpg,entlebucher_mountain_dog
data/raw/entlebucher_mountain_dog/0032.jpg,entlebucher_mountain_dog
data/raw/entlebucher_mountain_dog/0024.jpg,entlebucher_mountain_dog
data/raw/entlebucher_mountain_dog/0030.jpg,entlebucher_mountain_dog
data/raw/entlebucher_mountain_dog/0018.jpg,entlebucher_mountain_dog
data/raw/entlebucher_mountain_dog/0019.jpg,entlebucher_mountain_dog
data/raw/entlebucher_mountain_dog/0031.jpg,entlebucher_mountain_dog
data/raw/entlebucher_mountain_dog/0025.jpg,entlebucher_mountain_dog
data/raw/entlebucher_mountain_dog/0009.jpg,entlebucher_mountain_dog
data/raw/entlebucher_mountain_dog/0021.jpg,entlebucher_mountain_dog
data/raw/entlebucher_mountain_dog/0035.jpg,entlebucher_mountain_dog
data/raw/eskimo_dog/0012.jpg,eskimo_dog
data/raw/eskimo_dog/0006.jpg,eskimo_dog
data/raw/eskimo_dog/0007.jpg,eskimo_dog
data/raw/eskimo_dog/0013.jpg,eskimo_dog
data/raw/eskimo_dog/0005.jpg,eskimo_dog
data/raw/eskimo_dog/0011.jpg,eskimo_dog
data/raw/eskimo_dog/0039.jpg,eskimo_dog
data/raw/eskimo_dog/0038.jpg,eskimo_dog
data/raw/eskimo_dog/0010.jpg,eskimo_dog
data/raw/eskimo_dog/0004.jpg,eskimo_dog
data/raw/eskimo_dog/0028.jpg,eskimo_dog
data/raw/eskimo_dog/0014.jpg,eskimo_dog
data/raw/eskimo_dog/0015.jpg,eskimo_dog
data/raw/eskimo_dog/0001.jpg,eskimo_dog
data/raw/eskimo_dog/0029.jpg,eskimo_dog
data/raw/eskimo_dog/0017.jpg,eskimo_dog
data/raw/eskimo_dog/0003.jpg,eskimo_dog
data/raw/eskimo_dog/0002.jpg,eskimo_dog
data/raw/eskimo_dog/0016.jpg,eskimo_dog
data/raw/eskimo_dog/0033.jpg,eskimo_dog
data/raw/eskimo_dog/0027.jpg,eskimo_dog
data/raw/eskimo_dog/0026.jpg,eskimo_dog
data/raw/eskimo_dog/0032.jpg,eskimo_dog
data/raw/eskimo_dog/0024.jpg,eskimo_dog
data/raw/eskimo_dog/0030.jpg,eskimo_dog
data/raw/eskimo_dog/0018.jpg,eskimo_dog
data/raw/eskimo_dog/0019.jpg,eskimo_dog
data/raw/eskimo_dog/0031.jpg,eskimo_dog
data/raw/eskimo_dog/0025.jpg,eskimo_dog
data/raw/eskimo_dog/0009.jpg,eskimo_dog
data/raw/eskimo_dog/0021.jpg,eskimo_dog
data/raw/eskimo_dog/0035.jpg,eskimo_dog
data/raw/flat_coated_retriever/0012.jpg,flat_coated_retriever
data/raw/flat_coated_retriever/0006.jpg,flat_coated_retriever
data/raw/flat_coated_retriever/0007.jpg,flat_coated_retriever
data/raw/flat_coated_retriever/0013.jpg,flat_coated_retriever
data/raw/flat_coated_retriever/0005.jpg,flat_coated_retriever
data/raw/flat_coated_retriever/0011.jpg,flat_coated_retriever
data/raw/flat_coated_retriever/0039.jpg,flat_coated_retriever
data/raw/flat_coated_retriever/0038.jpg,flat_coated_retriever
data/raw/flat_coated_retriever/0010.jpg,flat_coated_retriever
data/raw/flat_coated_retriever/0004.jpg,flat_coated_retriever
data/raw/flat_coated_retriever/0028.jpg,flat_coated_retriever
data/raw/flat_coated_retriever/0014.jpg,flat_coated_retriever
data/raw/flat_coated_retriever/0015.jpg,flat_coated_retriever
data/raw/flat_coated_retriever/0001.jpg,flat_coated_retriever
data/raw/flat_coated_retriever/0029.jpg,flat_coated_retriever
data/raw/flat_coated_retriever/0017.jpg,flat_coated_retriever
data/raw/flat_coated_retriever/0003.jpg,flat_coated_retriever
data/raw/flat_coated_retriever/0002.jpg,flat_coated_retriever
data/raw/flat_coated_retriever/0016.jpg,flat_coated_retriever
data/raw/flat_coated_retriever/0033.jpg,flat_coated_retriever
data/raw/flat_coated_retriever/0027.jpg,flat_coated_retriever
data/raw/flat_coated_retriever/0026.jpg,flat_coated_retriever
data/raw/flat_coated_retriever/0032.jpg,flat_coated_retriever
data/raw/flat_coated_retriever/0024.jpg,flat_coated_retriever
data/raw/flat_coated_retriever/0030.jpg,flat_coated_retriever
data/raw/flat_coated_retriever/0018.jpg,flat_coated_retriever
data/raw/flat_coated_retriever/0019.jpg,flat_coated_retriever
data/raw/flat_coated_retriever/0031.jpg,flat_coated_retriever
data/raw/flat_coated_retriever/0025.jpg,flat_coated_retriever
data/raw/flat_coated_retriever/0009.jpg,flat_coated_retriever
data/raw/flat_coated_retriever/0021.jpg,flat_coated_retriever
data/raw/flat_coated_retriever/0035.jpg,flat_coated_retriever
data/raw/french_bulldog/0012.jpg,french_bulldog
data/raw/french_bulldog/0006.jpg,french_bulldog
data/raw/french_bulldog/0007.jpg,french_bulldog
data/raw/french_bulldog/0013.jpg,french_bulldog
data/raw/french_bulldog/0005.jpg,french_bulldog
data/raw/french_bulldog/0011.jpg,french_bulldog
data/raw/french_bulldog/0039.jpg,french_bulldog
data/raw/french_bulldog/0038.jpg,french_bulldog
data/raw/french_bulldog/0010.jpg,french_bulldog
data/raw/french_bulldog/0004.jpg,french_bulldog
data/raw/french_bulldog/0028.jpg,french_bulldog
data/raw/french_bulldog/0014.jpg,french_bulldog
data/raw/french_bulldog/0015.jpg,french_bulldog
data/raw/french_bulldog/0001.jpg,french_bulldog
data/raw/french_bulldog/0029.jpg,french_bulldog
data/raw/french_bulldog/0017.jpg,french_bulldog
data/raw/french_bulldog/0003.jpg,french_bulldog
data/raw/french_bulldog/0002.jpg,french_bulldog
data/raw/french_bulldog/0016.jpg,french_bulldog
data/raw/french_bulldog/0033.jpg,french_bulldog
data/raw/french_bulldog/0027.jpg,french_bulldog
data/raw/french_bulldog/0026.jpg,french_bulldog
data/raw/french_bulldog/0032.jpg,french_bulldog
data/raw/french_bulldog/0024.jpg,french_bulldog
data/raw/french_bulldog/0030.jpg,french_bulldog
data/raw/french_bulldog/0018.jpg,french_bulldog
data/raw/french_bulldog/0019.jpg,french_bulldog
data/raw/french_bulldog/0031.jpg,french_bulldog
data/raw/french_bulldog/0025.jpg,french_bulldog
data/raw/french_bulldog/0009.jpg,french_bulldog
data/raw/french_bulldog/0021.jpg,french_bulldog
data/raw/french_bulldog/0035.jpg,french_bulldog
data/raw/german_shepherd_dog/0012.jpg,german_shepherd_dog
data/raw/german_shepherd_dog/0006.jpg,german_shepherd_dog
data/raw/german_shepherd_dog/0007.jpg,german_shepherd_dog
data/raw/german_shepherd_dog/0013.jpg,german_shepherd_dog
data/raw/german_shepherd_dog/0005.jpg,german_shepherd_dog
data/raw/german_shepherd_dog/0011.jpg,german_shepherd_dog
data/raw/german_shepherd_dog/0039.jpg,german_shepherd_dog
data/raw/german_shepherd_dog/0038.jpg,german_shepherd_dog
data/raw/german_shepherd_dog/0010.jpg,german_shepherd_dog
data/raw/german_shepherd_dog/0004.jpg,german_shepherd_dog
data/raw/german_shepherd_dog/0028.jpg,german_shepherd_dog
data/raw/german_shepherd_dog/0014.jpg,german_shepherd_dog
data/raw/german_shepherd_dog/0015.jpg,german_shepherd_dog
data/raw/german_shepherd_dog/0001.jpg,german_shepherd_dog
data/raw/german_shepherd_dog/0029.jpg,german_shepherd_dog
data/raw/german_shepherd_dog/0017.jpg,german_shepherd_dog
data/raw/german_shepherd_dog/0003.jpg,german_shepherd_dog
data/raw/german_shepherd_dog/0002.jpg,german_shepherd_dog
data/raw/german_shepherd_dog/0016.jpg,german_shepherd_dog
data/raw/german_shepherd_dog/0033.jpg,german_shepherd_dog
data/raw/german_shepherd_dog/0027.jpg,german_shepherd_dog
data/raw/german_shepherd_dog/0026.jpg,german_shepherd_dog
data/raw/german_shepherd_dog/0032.jpg,german_shepherd_dog
data/raw/german_shepherd_dog/0024.jpg,german_shepherd_dog
data/raw/german_shepherd_dog/0030.jpg,german_shepherd_dog
data/raw/german_shepherd_dog/0018.jpg,german_shepherd_dog
data/raw/german_shepherd_dog/0019.jpg,german_shepherd_dog
data/raw/german_shepherd_dog/0031.jpg,german_shepherd_dog
data/raw/german_shepherd_dog/0025.jpg,german_shepherd_dog
data/raw/german_shepherd_dog/0009.jpg,german_shepherd_dog
data/raw/german_shepherd_dog/0021.jpg,german_shepherd_dog
data/raw/german_shepherd_dog/0035.jpg,german_shepherd_dog
data/raw/german_short_haired_pointer/0012.jpg,german_short_haired_pointer
data/raw/german_short_haired_pointer/0006.jpg,german_short_haired_pointer
data/raw/german_short_haired_pointer/0007.jpg,german_short_haired_pointer
data/raw/german_short_haired_pointer/0013.jpg,german_short_haired_pointer
data/raw/german_short_haired_pointer/0005.jpg,german_short_haired_pointer
data/raw/german_short_haired_pointer/0011.jpg,german_short_haired_pointer
data/raw/german_short_haired_pointer/0039.jpg,german_short_haired_pointer
data/raw/german_short_haired_pointer/0038.jpg,german_short_haired_pointer
data/raw/german_short_haired_pointer/0010.jpg,german_short_haired_pointer
data/raw/german_short_haired_pointer/0004.jpg,german_short_haired_pointer
data/raw/german_short_haired_pointer/0028.jpg,german_short_haired_pointer
data/raw/german_short_haired_pointer/0014.jpg,german_short_haired_pointer
data/raw/german_short_haired_pointer/0015.jpg,german_short_haired_pointer
data/raw/german_short_haired_pointer/0001.jpg,german_short_haired_pointer
data/raw/german_short_haired_pointer/0029.jpg,german_short_haired_pointer
data/raw/german_short_haired_pointer/0017.jpg,german_short_haired_pointer
data/raw/german_short_haired_pointer/0003.jpg,german_short_haired_pointer
data/raw/german_short_haired_pointer/0002.jpg,german_short_haired_pointer
data/raw/german_short_haired_pointer/0016.jpg,german_short_haired_pointer
data/raw/german_short_haired_pointer/0033.jpg,german_short_haired_pointer
data/raw/german_short_haired_pointer/0027.jpg,german_short_haired_pointer
data/raw/german_short_haired_pointer/0026.jpg,german_short_haired_pointer
data/raw/german_short_haired_pointer/0032.jpg,german_short_haired_pointer
data/raw/german_short_haired_pointer/0024.jpg,german_short_haired_pointer
data/raw/german_short_haired_pointer/0030.jpg,german_short_haired_pointer
data/raw/german_short_haired_pointer/0018.jpg,german_short_haired_pointer
data/raw/german_short_haired_pointer/0019.jpg,german_short_haired_pointer
data/raw/german_short_haired_pointer/0031.jpg,german_short_haired_pointer
data/raw/german_short_haired_pointer/0025.jpg,german_short_haired_pointer
data/raw/german_short_haired_pointer/0009.jpg,german_short_haired_pointer
data/raw/german_short_haired_pointer/0021.jpg,german_short_haired_pointer
data/raw/german_short_haired_pointer/0035.jpg,german_short_haired_pointer
data/raw/german_wire_haired_pointer/0012.jpg,german_wire_haired_pointer
data/raw/german_wire_haired_pointer/0006.jpg,german_wire_haired_pointer
data/raw/german_wire_haired_pointer/0007.jpg,german_wire_haired_pointer
data/raw/german_wire_haired_pointer/0013.jpg,german_wire_haired_pointer
data/raw/german_wire_haired_pointer/0005.jpg,german_wire_haired_pointer
data/raw/german_wire_haired_pointer/0011.jpg,german_wire_haired_pointer
data/raw/german_wire_haired_pointer/0039.jpg,german_wire_haired_pointer
data/raw/german_wire_haired_pointer/0038.jpg,german_wire_haired_pointer
data/raw/german_wire_haired_pointer/0010.jpg,german_wire_haired_pointer
data/raw/german_wire_haired_pointer/0004.jpg,german_wire_haired_pointer
data/raw/german_wire_haired_pointer/0028.jpg,german_wire_haired_pointer
data/raw/german_wire_haired_pointer/0014.jpg,german_wire_haired_pointer
data/raw/german_wire_haired_pointer/0015.jpg,german_wire_haired_pointer
data/raw/german_wire_haired_pointer/0001.jpg,german_wire_haired_pointer
data/raw/german_wire_haired_pointer/0029.jpg,german_wire_haired_pointer
data/raw/german_wire_haired_pointer/0017.jpg,german_wire_haired_pointer
data/raw/german_wire_haired_pointer/0003.jpg,german_wire_haired_pointer
data/raw/german_wire_haired_pointer/0002.jpg,german_wire_haired_pointer
data/raw/german_wire_haired_pointer/0016.jpg,german_wire_haired_pointer
data/raw/german_wire_haired_pointer/0033.jpg,german_wire_haired_pointer
data/raw/german_wire_haired_pointer/0027.jpg,german_wire_haired_pointer
data/raw/german_wire_haired_pointer/0026.jpg,german_wire_haired_pointer
data/raw/german_wire_haired_pointer/0032.jpg,german_wire_haired_pointer
data/raw/german_wire_haired_pointer/0024.jpg,german_wire_haired_pointer
data/raw/german_wire_haired_pointer/0030.jpg,german_wire_haired_pointer
data/raw/german_wire_haired_pointer/0018.jpg,german_wire_haired_pointer
data/raw/german_wire_haired_pointer/0019.jpg,german_wire_haired_pointer
data/raw/german_wire_haired_pointer/0031.jpg,german_wire_haired_pointer
data/raw/german_wire_haired_pointer/0025.jpg,german_wire_haired_pointer
data/raw/german_wire_haired_pointer/0009.jpg,german_wire_haired_pointer
data/raw/german_wire_haired_pointer/0021.jpg,german_wire_haired_pointer
data/raw/german_wire_haired_pointer/0035.jpg,german_wire_haired_pointer
data/raw/giant_schnauzer/0012.jpg,giant_schnauzer
data/raw/giant_schnauzer/0006.jpg,giant_schnauzer
data/raw/giant_schnauzer/0007.jpg,giant_schnauzer
data/raw/giant_schnauzer/0013.jpg,giant_schnauzer
data/raw/giant_schnauzer/0005.jpg,giant_schnauzer
data/raw/giant_schnauzer/0011.jpg,giant_schnauzer
data/raw/giant_schnauzer/0039.jpg,giant_schnauzer
data/raw/giant_schnauzer/0038.jpg,giant_schnauzer
data/raw/giant_schnauzer/0010.jpg,giant_schnauzer
data/raw/giant_schnauzer/0004.jpg,giant_schnauzer
data/raw/giant_schnauzer/0028.jpg,giant_schnauzer
data/raw/giant_schnauzer/0014.jpg,giant_schnauzer
data/raw/giant_schnauzer/0015.jpg,giant_schnauzer
data/raw/giant_schnauzer/0001.jpg,giant_schnauzer
data/raw/giant_schnauzer/0029.jpg,giant_schnauzer
data/raw/giant_schnauzer/0017.jpg,giant_schnauzer
data/raw/giant_schnauzer/0003.jpg,giant_schnauzer
data/raw/giant_schnauzer/0002.jpg,giant_schnauzer
data/raw/giant_schnauzer/0016.jpg,giant_schnauzer
data/raw/giant_schnauzer/0033.jpg,giant_schnauzer
data/raw/giant_schnauzer/0027.jpg,giant_schnauzer
data/raw/giant_schnauzer/0026.jpg,giant_schnauzer
data/raw/giant_schnauzer/0032.jpg,giant_schnauzer
data/raw/giant_schnauzer/0024.jpg,giant_schnauzer
data/raw/giant_schnauzer/0030.jpg,giant_schnauzer
data/raw/giant_schnauzer/0018.jpg,giant_schnauzer
data/raw/giant_schnauzer/0019.jpg,giant_schnauzer
data/raw/giant_schnauzer/0031.jpg,giant_schnauzer
data/raw/giant_schnauzer/0025.jpg,giant_schnauzer
data/raw/giant_schnauzer/0009.jpg,giant_schnauzer
data/raw/giant_schnauzer/0021.jpg,giant_schnauzer
data/raw/giant_schnauzer/0035.jpg,giant_schnauzer
data/raw/golden_retriever/0012.jpg,golden_retriever
data/raw/golden_retriever/0006.jpg,golden_retriever
data/raw/golden_retriever/0007.jpg,golden_retriever
data/raw/golden_retriever/0013.jpg,golden_retriever
data/raw/golden_retriever/0005.jpg,golden_retriever
data/raw/golden_retriever/0011.jpg,golden_retriever
data/raw/golden_retriever/0039.jpg,golden_retriever
data/raw/golden_retriever/0038.jpg,golden_retriever
data/raw/golden_retriever/0010.jpg,golden_retriever
data/raw/golden_retriever/0004.jpg,golden_retriever
data/raw/golden_retriever/0028.jpg,golden_retriever
data/raw/golden_retriever/0014.jpg,golden_retriever
data/raw/golden_retriever/0015.jpg,golden_retriever
data/raw/golden_retriever/0001.jpg,golden_retriever
data/raw/golden_retriever/0029.jpg,golden_retriever
data/raw/golden_retriever/0017.jpg,golden_retriever
data/raw/golden_retriever/0003.jpg,golden_retriever
data/raw/golden_retriever/0002.jpg,golden_retriever
data/raw/golden_retriever/0016.jpg,golden_retriever
data/raw/golden_retriever/0033.jpg,golden_retriever
data/raw/golden_retriever/0027.jpg,golden_retriever
data/raw/golden_retriever/0026.jpg,golden_retriever
data/raw/golden_retriever/0032.jpg,golden_retriever
data/raw/golden_retriever/0024.jpg,golden_retriever
data/raw/golden_retriever/0030.jpg,golden_retriever
data/raw/golden_retriever/0018.jpg,golden_retriever
data/raw/golden_retriever/0019.jpg,golden_retriever
data/raw/golden_retriever/0031.jpg,golden_retriever
data/raw/golden_retriever/0025.jpg,golden_retriever
data/raw/golden_retriever/0009.jpg,golden_retriever
data/raw/golden_retriever/0021.jpg,golden_retriever
data/raw/golden_retriever/0035.jpg,golden_retriever
data/raw/gordon_setter/0012.jpg,gordon_setter
data/raw/gordon_setter/0006.jpg,gordon_setter
data/raw/gordon_setter/0007.jpg,gordon_setter
data/raw/gordon_setter/0013.jpg,gordon_setter
data/raw/gordon_setter/0005.jpg,gordon_setter
data/raw/gordon_setter/0011.jpg,gordon_setter
data/raw/gordon_setter/0039.jpg,gordon_setter
data/raw/gordon_setter/0038.jpg,gordon_setter
data/raw/gordon_setter/0010.jpg,gordon_setter
data/raw/gordon_setter/0004.jpg,gordon_setter
data/raw/gordon_setter/0028.jpg,gordon_setter
data/raw/gordon_setter/0014.jpg,gordon_setter
data/raw/gordon_setter/0015.jpg,gordon_setter
data/raw/gordon_setter/0001.jpg,gordon_setter
data/raw/gordon_setter/0029.jpg,gordon_setter
data/raw/gordon_setter/0017.jpg,gordon_setter
data/raw/gordon_setter/0003.jpg,gordon_setter
data/raw/gordon_setter/0002.jpg,gordon_setter
data/raw/gordon_setter/0016.jpg,gordon_setter
data/raw/gordon_setter/0033.jpg,gordon_setter
data/raw/gordon_setter/0027.jpg,gordon_setter
data/raw/gordon_setter/0026.jpg,gordon_setter
data/raw/gordon_setter/0032.jpg,gordon_setter
data/raw/gordon_setter/0024.jpg,gordon_setter
data/raw/gordon_setter/0030.jpg,gordon_setter
data/raw/gordon_setter/0018.jpg,gordon_setter
data/raw/gordon_setter/0019.jpg,gordon_setter
data/raw/gordon_setter/0031.jpg,gordon_setter
data/raw/gordon_setter/0025.jpg,gordon_setter
data/raw/gordon_setter/0009.jpg,gordon_setter
data/raw/gordon_setter/0021.jpg,gordon_setter
data/raw/gordon_setter/0035.jpg,gordon_setter
data/raw/great_dane/0012.jpg,great_dane
data/raw/great_dane/0006.jpg,great_dane
data/raw/great_dane/0007.jpg,great_dane
data/raw/great_dane/0013.jpg,great_dane
data/raw/great_dane/0005.jpg,great_dane
data/raw/great_dane/0011.jpg,great_dane
data/raw/great_dane/0039.jpg,great_dane
data/raw/great_dane/0038.jpg,great_dane
data/raw/great_dane/0010.jpg,great_dane
data/raw/great_dane/0004.jpg,great_dane
data/raw/great_dane/0028.jpg,great_dane
data/raw/great_dane/0014.jpg,great_dane
data/raw/great_dane/0015.jpg,great_dane
data/raw/great_dane/0001.jpg,great_dane
data/raw/great_dane/0029.jpg,great_dane
data/raw/great_dane/0017.jpg,great_dane
data/raw/great_dane/0003.jpg,great_dane
data/raw/great_dane/0002.jpg,great_dane
data/raw/great_dane/0016.jpg,great_dane
data/raw/great_dane/0033.jpg,great_dane
data/raw/great_dane/0027.jpg,great_dane
data/raw/great_dane/0026.jpg,great_dane
data/raw/great_dane/0032.jpg,great_dane
data/raw/great_dane/0024.jpg,great_dane
data/raw/great_dane/0030.jpg,great_dane
data/raw/great_dane/0018.jpg,great_dane
data/raw/great_dane/0019.jpg,great_dane
data/raw/great_dane/0031.jpg,great_dane
data/raw/great_dane/0025.jpg,great_dane
data/raw/great_dane/0009.jpg,great_dane
data/raw/great_dane/0021.jpg,great_dane
data/raw/great_dane/0035.jpg,great_dane
data/raw/great_pyrenees/0012.jpg,great_pyrenees
data/raw/great_pyrenees/0006.jpg,great_pyrenees
data/raw/great_pyrenees/0007.jpg,great_pyrenees
data/raw/great_pyrenees/0013.jpg,great_pyrenees
data/raw/great_pyrenees/0005.jpg,great_pyrenees
data/raw/great_pyrenees/0011.jpg,great_pyrenees
data/raw/great_pyrenees/0039.jpg,great_pyrenees
data/raw/great_pyrenees/0038.jpg,great_pyrenees
data/raw/great_pyrenees/0010.jpg,great_pyrenees
data/raw/great_pyrenees/0004.jpg,great_pyrenees
data/raw/great_pyrenees/0028.jpg,great_pyrenees
data/raw/great_pyrenees/0014.jpg,great_pyrenees
data/raw/great_pyrenees/0001.jpg,great_pyrenees
data/raw/great_pyrenees/0029.jpg,great_pyrenees
data/raw/great_pyrenees/0017.jpg,great_pyrenees
data/raw/great_pyrenees/0003.jpg,great_pyrenees
data/raw/great_pyrenees/0002.jpg,great_pyrenees
data/raw/great_pyrenees/0016.jpg,great_pyrenees
data/raw/great_pyrenees/0033.jpg,great_pyrenees
data/raw/great_pyrenees/0027.jpg,great_pyrenees
data/raw/great_pyrenees/0026.jpg,great_pyrenees
data/raw/great_pyrenees/0032.jpg,great_pyrenees
data/raw/great_pyrenees/0024.jpg,great_pyrenees
data/raw/great_pyrenees/0030.jpg,great_pyrenees
data/raw/great_pyrenees/0018.jpg,great_pyrenees
data/raw/great_pyrenees/0019.jpg,great_pyrenees
data/raw/great_pyrenees/0031.jpg,great_pyrenees
data/raw/great_pyrenees/0025.jpg,great_pyrenees
data/raw/great_pyrenees/0009.jpg,great_pyrenees
data/raw/great_pyrenees/0021.jpg,great_pyrenees
data/raw/great_pyrenees/0035.jpg,great_pyrenees
data/raw/greater_swiss_mountain_dog/0012.jpg,greater_swiss_mountain_dog
data/raw/greater_swiss_mountain_dog/0006.jpg,greater_swiss_mountain_dog
data/raw/greater_swiss_mountain_dog/0007.jpg,greater_swiss_mountain_dog
data/raw/greater_swiss_mountain_dog/0013.jpg,greater_swiss_mountain_dog
data/raw/greater_swiss_mountain_dog/0005.jpg,greater_swiss_mountain_dog
data/raw/greater_swiss_mountain_dog/0011.jpg,greater_swiss_mountain_dog
data/raw/greater_swiss_mountain_dog/0039.jpg,greater_swiss_mountain_dog
data/raw/greater_swiss_mountain_dog/0038.jpg,greater_swiss_mountain_dog
data/raw/greater_swiss_mountain_dog/0010.jpg,greater_swiss_mountain_dog
data/raw/greater_swiss_mountain_dog/0004.jpg,greater_swiss_mountain_dog
data/raw/greater_swiss_mountain_dog/0028.jpg,greater_swiss_mountain_dog
data/raw/greater_swiss_mountain_dog/0014.jpg,greater_swiss_mountain_dog
data/raw/greater_swiss_mountain_dog/0015.jpg,greater_swiss_mountain_dog
data/raw/greater_swiss_mountain_dog/0001.jpg,greater_swiss_mountain_dog
data/raw/greater_swiss_mountain_dog/0029.jpg,greater_swiss_mountain_dog
data/raw/greater_swiss_mountain_dog/0017.jpg,greater_swiss_mountain_dog
data/raw/greater_swiss_mountain_dog/0003.jpg,greater_swiss_mountain_dog
data/raw/greater_swiss_mountain_dog/0002.jpg,greater_swiss_mountain_dog
data/raw/greater_swiss_mountain_dog/0016.jpg,greater_swiss_mountain_dog
data/raw/greater_swiss_mountain_dog/0033.jpg,greater_swiss_mountain_dog
data/raw/greater_swiss_mountain_dog/0027.jpg,greater_swiss_mountain_dog
data/raw/greater_swiss_mountain_dog/0026.jpg,greater_swiss_mountain_dog
data/raw/greater_swiss_mountain_dog/0032.jpg,greater_swiss_mountain_dog
data/raw/greater_swiss_mountain_dog/0024.jpg,greater_swiss_mountain_dog
data/raw/greater_swiss_mountain_dog/0030.jpg,greater_swiss_mountain_dog
data/raw/greater_swiss_mountain_dog/0018.jpg,greater_swiss_mountain_dog
data/raw/greater_swiss_mountain_dog/0019.jpg,greater_swiss_mountain_dog
data/raw/greater_swiss_mountain_dog/0031.jpg,greater_swiss_mountain_dog
data/raw/greater_swiss_mountain_dog/0025.jpg,greater_swiss_mountain_dog
data/raw/greater_swiss_mountain_dog/0009.jpg,greater_swiss_mountain_dog
data/raw/greater_swiss_mountain_dog/0021.jpg,greater_swiss_mountain_dog
data/raw/groenendael/0012.jpg,groenendael
data/raw/groenendael/0006.jpg,groenendael
data/raw/groenendael/0007.jpg,groenendael
data/raw/groenendael/0013.jpg,groenendael
data/raw/groenendael/0005.jpg,groenendael
data/raw/groenendael/0011.jpg,groenendael
data/raw/groenendael/0039.jpg,groenendael
data/raw/groenendael/0038.jpg,groenendael
data/raw/groenendael/0010.jpg,groenendael
data/raw/groenendael/0004.jpg,groenendael
data/raw/groenendael/0028.jpg,groenendael
data/raw/groenendael/0014.jpg,groenendael
data/raw/groenendael/0015.jpg,groenendael
data/raw/groenendael/0001.jpg,groenendael
data/raw/groenendael/0029.jpg,groenendael
data/raw/groenendael/0003.jpg,groenendael
data/raw/groenendael/0002.jpg,groenendael
data/raw/groenendael/0016.jpg,groenendael
data/raw/groenendael/0033.jpg,groenendael
data/raw/groenendael/0027.jpg,groenendael
data/raw/groenendael/0026.jpg,groenendael
data/raw/groenendael/0032.jpg,groenendael
data/raw/groenendael/0024.jpg,groenendael
data/raw/groenendael/0030.jpg,groenendael
data/raw/groenendael/0018.jpg,groenendael
data/raw/groenendael/0019.jpg,groenendael
data/raw/groenendael/0031.jpg,groenendael
data/raw/groenendael/0025.jpg,groenendael
data/raw/groenendael/0009.jpg,groenendael
data/raw/groenendael/0021.jpg,groenendael
data/raw/havanese/0012.jpg,havanese
data/raw/havanese/0006.jpg,havanese
data/raw/havanese/0007.jpg,havanese
data/raw/havanese/0013.jpg,havanese
data/raw/havanese/0005.jpg,havanese
data/raw/havanese/0011.jpg,havanese
data/raw/havanese/0039.jpg,havanese
data/raw/havanese/0038.jpg,havanese
data/raw/havanese/0010.jpg,havanese
data/raw/havanese/0004.jpg,havanese
data/raw/havanese/0028.jpg,havanese
data/raw/havanese/0014.jpg,havanese
data/raw/havanese/0015.jpg,havanese
data/raw/havanese/0001.jpg,havanese
data/raw/havanese/0029.jpg,havanese
data/raw/havanese/0017.jpg,havanese
data/raw/havanese/0003.jpg,havanese
data/raw/havanese/0002.jpg,havanese
data/raw/havanese/0016.jpg,havanese
data/raw/havanese/0033.jpg,havanese
data/raw/havanese/0027.jpg,havanese
data/raw/havanese/0026.jpg,havanese
data/raw/havanese/0032.jpg,havanese
data/raw/havanese/0024.jpg,havanese
data/raw/havanese/0030.jpg,havanese
data/raw/havanese/0018.jpg,havanese
data/raw/havanese/0019.jpg,havanese
data/raw/havanese/0031.jpg,havanese
data/raw/havanese/0025.jpg,havanese
data/raw/havanese/0009.jpg,havanese
data/raw/havanese/0021.jpg,havanese
data/raw/havanese/0035.jpg,havanese
data/raw/ibizan_hound/0012.jpg,ibizan_hound
data/raw/ibizan_hound/0006.jpg,ibizan_hound
data/raw/ibizan_hound/0007.jpg,ibizan_hound
data/raw/ibizan_hound/0013.jpg,ibizan_hound
data/raw/ibizan_hound/0005.jpg,ibizan_hound
data/raw/ibizan_hound/0011.jpg,ibizan_hound
data/raw/ibizan_hound/0039.jpg,ibizan_hound
data/raw/ibizan_hound/0038.jpg,ibizan_hound
data/raw/ibizan_hound/0010.jpg,ibizan_hound
data/raw/ibizan_hound/0004.jpg,ibizan_hound
data/raw/ibizan_hound/0028.jpg,ibizan_hound
data/raw/ibizan_hound/0014.jpg,ibizan_hound
data/raw/ibizan_hound/0001.jpg,ibizan_hound
data/raw/ibizan_hound/0029.jpg,ibizan_hound
data/raw/ibizan_hound/0017.jpg,ibizan_hound
data/raw/ibizan_hound/0003.jpg,ibizan_hound
data/raw/ibizan_hound/0002.jpg,ibizan_hound
data/raw/ibizan_hound/0016.jpg,ibizan_hound
data/raw/ibizan_hound/0033.jpg,ibizan_hound
data/raw/ibizan_hound/0027.jpg,ibizan_hound
data/raw/ibizan_hound/0026.jpg,ibizan_hound
data/raw/ibizan_hound/0032.jpg,ibizan_hound
data/raw/ibizan_hound/0024.jpg,ibizan_hound
data/raw/ibizan_hound/0030.jpg,ibizan_hound
data/raw/ibizan_hound/0018.jpg,ibizan_hound
data/raw/ibizan_hound/0019.jpg,ibizan_hound
data/raw/ibizan_hound/0031.jpg,ibizan_hound
data/raw/ibizan_hound/0025.jpg,ibizan_hound
data/raw/ibizan_hound/0009.jpg,ibizan_hound
data/raw/ibizan_hound/0021.jpg,ibizan_hound
data/raw/ibizan_hound/0035.jpg,ibizan_hound
data/raw/irish_setter/0012.jpg,irish_setter
data/raw/irish_setter/0006.jpg,irish_setter
data/raw/irish_setter/0007.jpg,irish_setter
data/raw/irish_setter/0013.jpg,irish_setter
data/raw/irish_setter/0005.jpg,irish_setter
data/raw/irish_setter/0011.jpg,irish_setter
data/raw/irish_setter/0039.jpg,irish_setter
data/raw/irish_setter/0038.jpg,irish_setter
data/raw/irish_setter/0010.jpg,irish_setter
data/raw/irish_setter/0004.jpg,irish_setter
data/raw/irish_setter/0028.jpg,irish_setter
data/raw/irish_setter/0014.jpg,irish_setter
data/raw/irish_setter/0015.jpg,irish_setter
data/raw/irish_setter/0001.jpg,irish_setter
data/raw/irish_setter/0029.jpg,irish_setter
data/raw/irish_setter/0017.jpg,irish_setter
data/raw/irish_setter/0003.jpg,irish_setter
data/raw/irish_setter/0002.jpg,irish_setter
data/raw/irish_setter/0016.jpg,irish_setter
data/raw/irish_setter/0033.jpg,irish_setter
data/raw/irish_setter/0027.jpg,irish_setter
data/raw/irish_setter/0026.jpg,irish_setter
data/raw/irish_setter/0032.jpg,irish_setter
data/raw/irish_setter/0024.jpg,irish_setter
data/raw/irish_setter/0030.jpg,irish_setter
data/raw/irish_setter/0018.jpg,irish_setter
data/raw/irish_setter/0019.jpg,irish_setter
data/raw/irish_setter/0031.jpg,irish_setter
data/raw/irish_setter/0025.jpg,irish_setter
data/raw/irish_setter/0009.jpg,irish_setter
data/raw/irish_setter/0021.jpg,irish_setter
data/raw/irish_setter/0035.jpg,irish_setter
data/raw/irish_terrier/0012.jpg,irish_terrier
data/raw/irish_terrier/0006.jpg,irish_terrier
data/raw/irish_terrier/0007.jpg,irish_terrier
data/raw/irish_terrier/0013.jpg,irish_terrier
data/raw/irish_terrier/0005.jpg,irish_terrier
data/raw/irish_terrier/0011.jpg,irish_terrier
data/raw/irish_terrier/0039.jpg,irish_terrier
data/raw/irish_terrier/0038.jpg,irish_terrier
data/raw/irish_terrier/0010.jpg,irish_terrier
data/raw/irish_terrier/0004.jpg,irish_terrier
data/raw/irish_terrier/0028.jpg,irish_terrier
data/raw/irish_terrier/0014.jpg,irish_terrier
data/raw/irish_terrier/0015.jpg,irish_terrier
data/raw/irish_terrier/0001.jpg,irish_terrier
data/raw/irish_terrier/0029.jpg,irish_terrier
data/raw/irish_terrier/0017.jpg,irish_terrier
data/raw/irish_terrier/0003.jpg,irish_terrier
data/raw/irish_terrier/0002.jpg,irish_terrier
data/raw/irish_terrier/0016.jpg,irish_terrier
data/raw/irish_terrier/0033.jpg,irish_terrier
data/raw/irish_terrier/0027.jpg,irish_terrier
data/raw/irish_terrier/0026.jpg,irish_terrier
data/raw/irish_terrier/0032.jpg,irish_terrier
data/raw/irish_terrier/0024.jpg,irish_terrier
data/raw/irish_terrier/0030.jpg,irish_terrier
data/raw/irish_terrier/0018.jpg,irish_terrier
data/raw/irish_terrier/0019.jpg,irish_terrier
data/raw/irish_terrier/0031.jpg,irish_terrier
data/raw/irish_terrier/0025.jpg,irish_terrier
data/raw/irish_terrier/0009.jpg,irish_terrier
data/raw/irish_terrier/0021.jpg,irish_terrier
data/raw/irish_terrier/0035.jpg,irish_terrier
data/raw/irish_water_spaniel/0012.jpg,irish_water_spaniel
data/raw/irish_water_spaniel/0006.jpg,irish_water_spaniel
data/raw/irish_water_spaniel/0007.jpg,irish_water_spaniel
data/raw/irish_water_spaniel/0013.jpg,irish_water_spaniel
data/raw/irish_water_spaniel/0005.jpg,irish_water_spaniel
data/raw/irish_water_spaniel/0011.jpg,irish_water_spaniel
data/raw/irish_water_spaniel/0039.jpg,irish_water_spaniel
data/raw/irish_water_spaniel/0038.jpg,irish_water_spaniel
data/raw/irish_water_spaniel/0010.jpg,irish_water_spaniel
data/raw/irish_water_spaniel/0004.jpg,irish_water_spaniel
data/raw/irish_water_spaniel/0028.jpg,irish_water_spaniel
data/raw/irish_water_spaniel/0014.jpg,irish_water_spaniel
data/raw/irish_water_spaniel/0015.jpg,irish_water_spaniel
data/raw/irish_water_spaniel/0001.jpg,irish_water_spaniel
data/raw/irish_water_spaniel/0029.jpg,irish_water_spaniel
data/raw/irish_water_spaniel/0017.jpg,irish_water_spaniel
data/raw/irish_water_spaniel/0003.jpg,irish_water_spaniel
data/raw/irish_water_spaniel/0002.jpg,irish_water_spaniel
data/raw/irish_water_spaniel/0016.jpg,irish_water_spaniel
data/raw/irish_water_spaniel/0033.jpg,irish_water_spaniel
data/raw/irish_water_spaniel/0027.jpg,irish_water_spaniel
data/raw/irish_water_spaniel/0026.jpg,irish_water_spaniel
data/raw/irish_water_spaniel/0032.jpg,irish_water_spaniel
data/raw/irish_water_spaniel/0024.jpg,irish_water_spaniel
data/raw/irish_water_spaniel/0030.jpg,irish_water_spaniel
data/raw/irish_water_spaniel/0018.jpg,irish_water_spaniel
data/raw/irish_water_spaniel/0019.jpg,irish_water_spaniel
data/raw/irish_water_spaniel/0031.jpg,irish_water_spaniel
data/raw/irish_water_spaniel/0025.jpg,irish_water_spaniel
data/raw/irish_water_spaniel/0009.jpg,irish_water_spaniel
data/raw/irish_water_spaniel/0021.jpg,irish_water_spaniel
data/raw/irish_water_spaniel/0035.jpg,irish_water_spaniel
data/raw/irish_wolfhound/0012.jpg,irish_wolfhound
data/raw/irish_wolfhound/0006.jpg,irish_wolfhound
data/raw/irish_wolfhound/0007.jpg,irish_wolfhound
data/raw/irish_wolfhound/0013.jpg,irish_wolfhound
data/raw/irish_wolfhound/0005.jpg,irish_wolfhound
data/raw/irish_wolfhound/0011.jpg,irish_wolfhound
data/raw/irish_wolfhound/0039.jpg,irish_wolfhound
data/raw/irish_wolfhound/0038.jpg,irish_wolfhound
data/raw/irish_wolfhound/0010.jpg,irish_wolfhound
data/raw/irish_wolfhound/0004.jpg,irish_wolfhound
data/raw/irish_wolfhound/0028.jpg,irish_wolfhound
data/raw/irish_wolfhound/0014.jpg,irish_wolfhound
data/raw/irish_wolfhound/0015.jpg,irish_wolfhound
data/raw/irish_wolfhound/0001.jpg,irish_wolfhound
data/raw/irish_wolfhound/0029.jpg,irish_wolfhound
data/raw/irish_wolfhound/0017.jpg,irish_wolfhound
data/raw/irish_wolfhound/0003.jpg,irish_wolfhound
data/raw/irish_wolfhound/0002.jpg,irish_wolfhound
data/raw/irish_wolfhound/0016.jpg,irish_wolfhound
data/raw/irish_wolfhound/0033.jpg,irish_wolfhound
data/raw/irish_wolfhound/0027.jpg,irish_wolfhound
data/raw/irish_wolfhound/0026.jpg,irish_wolfhound
data/raw/irish_wolfhound/0032.jpg,irish_wolfhound
data/raw/irish_wolfhound/0024.jpg,irish_wolfhound
data/raw/irish_wolfhound/0030.jpg,irish_wolfhound
data/raw/irish_wolfhound/0018.jpg,irish_wolfhound
data/raw/irish_wolfhound/0019.jpg,irish_wolfhound
data/raw/irish_wolfhound/0031.jpg,irish_wolfhound
data/raw/irish_wolfhound/0025.jpg,irish_wolfhound
data/raw/irish_wolfhound/0009.jpg,irish_wolfhound
data/raw/irish_wolfhound/0021.jpg,irish_wolfhound
data/raw/irish_wolfhound/0035.jpg,irish_wolfhound
data/raw/italian_greyhound/0012.jpg,italian_greyhound
data/raw/italian_greyhound/0006.jpg,italian_greyhound
data/raw/italian_greyhound/0007.jpg,italian_greyhound
data/raw/italian_greyhound/0013.jpg,italian_greyhound
data/raw/italian_greyhound/0005.jpg,italian_greyhound
data/raw/italian_greyhound/0011.jpg,italian_greyhound
data/raw/italian_greyhound/0039.jpg,italian_greyhound
data/raw/italian_greyhound/0038.jpg,italian_greyhound
data/raw/italian_greyhound/0010.jpg,italian_greyhound
data/raw/italian_greyhound/0004.jpg,italian_greyhound
data/raw/italian_greyhound/0028.jpg,italian_greyhound
data/raw/italian_greyhound/0014.jpg,italian_greyhound
data/raw/italian_greyhound/0015.jpg,italian_greyhound
data/raw/italian_greyhound/0001.jpg,italian_greyhound
data/raw/italian_greyhound/0029.jpg,italian_greyhound
data/raw/italian_greyhound/0017.jpg,italian_greyhound
data/raw/italian_greyhound/0003.jpg,italian_greyhound
data/raw/italian_greyhound/0002.jpg,italian_greyhound
data/raw/italian_greyhound/0016.jpg,italian_greyhound
data/raw/italian_greyhound/0033.jpg,italian_greyhound
data/raw/italian_greyhound/0027.jpg,italian_greyhound
data/raw/italian_greyhound/0026.jpg,italian_greyhound
data/raw/italian_greyhound/0032.jpg,italian_greyhound
data/raw/italian_greyhound/0024.jpg,italian_greyhound
data/raw/italian_greyhound/0030.jpg,italian_greyhound
data/raw/italian_greyhound/0018.jpg,italian_greyhound
data/raw/italian_greyhound/0019.jpg,italian_greyhound
data/raw/italian_greyhound/0031.jpg,italian_greyhound
data/raw/italian_greyhound/0025.jpg,italian_greyhound
data/raw/italian_greyhound/0009.jpg,italian_greyhound
data/raw/italian_greyhound/0021.jpg,italian_greyhound
data/raw/italian_greyhound/0035.jpg,italian_greyhound
data/raw/japanese_chin/0012.jpg,japanese_chin
data/raw/japanese_chin/0006.jpg,japanese_chin
data/raw/japanese_chin/0007.jpg,japanese_chin
data/raw/japanese_chin/0013.jpg,japanese_chin
data/raw/japanese_chin/0005.jpg,japanese_chin
data/raw/japanese_chin/0011.jpg,japanese_chin
data/raw/japanese_chin/0039.jpg,japanese_chin
data/raw/japanese_chin/0038.jpg,japanese_chin
data/raw/japanese_chin/0004.jpg,japanese_chin
data/raw/japanese_chin/0028.jpg,japanese_chin
data/raw/japanese_chin/0014.jpg,japanese_chin
data/raw/japanese_chin/0015.jpg,japanese_chin
data/raw/japanese_chin/0001.jpg,japanese_chin
data/raw/japanese_chin/0029.jpg,japanese_chin
data/raw/japanese_chin/0017.jpg,japanese_chin
data/raw/japanese_chin/0003.jpg,japanese_chin
data/raw/japanese_chin/0002.jpg,japanese_chin
data/raw/japanese_chin/0016.jpg,japanese_chin
data/raw/japanese_chin/0033.jpg,japanese_chin
data/raw/japanese_chin/0027.jpg,japanese_chin
data/raw/japanese_chin/0026.jpg,japanese_chin
data/raw/japanese_chin/0032.jpg,japanese_chin
data/raw/japanese_chin/0024.jpg,japanese_chin
data/raw/japanese_chin/0030.jpg,japanese_chin
data/raw/japanese_chin/0018.jpg,japanese_chin
data/raw/japanese_chin/0019.jpg,japanese_chin
data/raw/japanese_chin/0031.jpg,japanese_chin
data/raw/japanese_chin/0025.jpg,japanese_chin
data/raw/japanese_chin/0009.jpg,japanese_chin
data/raw/japanese_chin/0021.jpg,japanese_chin
data/raw/japanese_chin/0035.jpg,japanese_chin
data/raw/japanese_spaniel/0012.jpg,japanese_spaniel
data/raw/japanese_spaniel/0006.jpg,japanese_spaniel
data/raw/japanese_spaniel/0007.jpg,japanese_spaniel
data/raw/japanese_spaniel/0013.jpg,japanese_spaniel
data/raw/japanese_spaniel/0005.jpg,japanese_spaniel
data/raw/japanese_spaniel/0011.jpg,japanese_spaniel
data/raw/japanese_spaniel/0039.jpg,japanese_spaniel
data/raw/japanese_spaniel/0038.jpg,japanese_spaniel
data/raw/japanese_spaniel/0010.jpg,japanese_spaniel
data/raw/japanese_spaniel/0004.jpg,japanese_spaniel
data/raw/japanese_spaniel/0028.jpg,japanese_spaniel
data/raw/japanese_spaniel/0014.jpg,japanese_spaniel
data/raw/japanese_spaniel/0015.jpg,japanese_spaniel
data/raw/japanese_spaniel/0001.jpg,japanese_spaniel
data/raw/japanese_spaniel/0029.jpg,japanese_spaniel
data/raw/japanese_spaniel/0017.jpg,japanese_spaniel
data/raw/japanese_spaniel/0003.jpg,japanese_spaniel
data/raw/japanese_spaniel/0002.jpg,japanese_spaniel
data/raw/japanese_spaniel/0016.jpg,japanese_spaniel
data/raw/japanese_spaniel/0033.jpg,japanese_spaniel
data/raw/japanese_spaniel/0027.jpg,japanese_spaniel
data/raw/japanese_spaniel/0026.jpg,japanese_spaniel
data/raw/japanese_spaniel/0032.jpg,japanese_spaniel
data/raw/japanese_spaniel/0024.jpg,japanese_spaniel
data/raw/japanese_spaniel/0030.jpg,japanese_spaniel
data/raw/japanese_spaniel/0018.jpg,japanese_spaniel
data/raw/japanese_spaniel/0019.jpg,japanese_spaniel
data/raw/japanese_spaniel/0031.jpg,japanese_spaniel
data/raw/japanese_spaniel/0025.jpg,japanese_spaniel
data/raw/japanese_spaniel/0009.jpg,japanese_spaniel
data/raw/japanese_spaniel/0021.jpg,japanese_spaniel
data/raw/japanese_spaniel/0035.jpg,japanese_spaniel
data/raw/keeshond/0012.jpg,keeshond
data/raw/keeshond/0006.jpg,keeshond
data/raw/keeshond/0007.jpg,keeshond
data/raw/keeshond/0013.jpg,keeshond
data/raw/keeshond/0005.jpg,keeshond
data/raw/keeshond/0011.jpg,keeshond
data/raw/keeshond/0039.jpg,keeshond
data/raw/keeshond/0038.jpg,keeshond
data/raw/keeshond/0010.jpg,keeshond
data/raw/keeshond/0004.jpg,keeshond
data/raw/keeshond/0028.jpg,keeshond
data/raw/keeshond/0014.jpg,keeshond
data/raw/keeshond/0015.jpg,keeshond
data/raw/keeshond/0001.jpg,keeshond
data/raw/keeshond/0029.jpg,keeshond
data/raw/keeshond/0017.jpg,keeshond
data/raw/keeshond/0003.jpg,keeshond
data/raw/keeshond/0002.jpg,keeshond
data/raw/keeshond/0016.jpg,keeshond
data/raw/keeshond/0033.jpg,keeshond
data/raw/keeshond/0027.jpg,keeshond
data/raw/keeshond/0026.jpg,keeshond
data/raw/keeshond/0032.jpg,keeshond
data/raw/keeshond/0024.jpg,keeshond
data/raw/keeshond/0030.jpg,keeshond
data/raw/keeshond/0018.jpg,keeshond
data/raw/keeshond/0019.jpg,keeshond
data/raw/keeshond/0031.jpg,keeshond
data/raw/keeshond/0025.jpg,keeshond
data/raw/keeshond/0009.jpg,keeshond
data/raw/keeshond/0021.jpg,keeshond
data/raw/keeshond/0035.jpg,keeshond
data/raw/kelpie/0012.jpg,kelpie
data/raw/kelpie/0006.jpg,kelpie
data/raw/kelpie/0007.jpg,kelpie
data/raw/kelpie/0013.jpg,kelpie
data/raw/kelpie/0005.jpg,kelpie
data/raw/kelpie/0011.jpg,kelpie
data/raw/kelpie/0039.jpg,kelpie
data/raw/kelpie/0038.jpg,kelpie
data/raw/kelpie/0010.jpg,kelpie
data/raw/kelpie/0004.jpg,kelpie
data/raw/kelpie/0028.jpg,kelpie
data/raw/kelpie/0014.jpg,kelpie
data/raw/kelpie/0015.jpg,kelpie
data/raw/kelpie/0001.jpg,kelpie
data/raw/kelpie/0029.jpg,kelpie
data/raw/kelpie/0017.jpg,kelpie
data/raw/kelpie/0003.jpg,kelpie
data/raw/kelpie/0002.jpg,kelpie
data/raw/kelpie/0016.jpg,kelpie
data/raw/kelpie/0033.jpg,kelpie
data/raw/kelpie/0027.jpg,kelpie
data/raw/kelpie/0026.jpg,kelpie
data/raw/kelpie/0032.jpg,kelpie
data/raw/kelpie/0024.jpg,kelpie
data/raw/kelpie/0030.jpg,kelpie
data/raw/kelpie/0018.jpg,kelpie
data/raw/kelpie/0019.jpg,kelpie
data/raw/kelpie/0031.jpg,kelpie
data/raw/kelpie/0025.jpg,kelpie
data/raw/kelpie/0009.jpg,kelpie
data/raw/kelpie/0021.jpg,kelpie
data/raw/kelpie/0035.jpg,kelpie
data/raw/kerry_blue_terrier/0012.jpg,kerry_blue_terrier
data/raw/kerry_blue_terrier/0006.jpg,kerry_blue_terrier
data/raw/kerry_blue_terrier/0007.jpg,kerry_blue_terrier
data/raw/kerry_blue_terrier/0013.jpg,kerry_blue_terrier
data/raw/kerry_blue_terrier/0005.jpg,kerry_blue_terrier
data/raw/kerry_blue_terrier/0011.jpg,kerry_blue_terrier
data/raw/kerry_blue_terrier/0039.jpg,kerry_blue_terrier
data/raw/kerry_blue_terrier/0038.jpg,kerry_blue_terrier
data/raw/kerry_blue_terrier/0010.jpg,kerry_blue_terrier
data/raw/kerry_blue_terrier/0004.jpg,kerry_blue_terrier
data/raw/kerry_blue_terrier/0028.jpg,kerry_blue_terrier
data/raw/kerry_blue_terrier/0014.jpg,kerry_blue_terrier
data/raw/kerry_blue_terrier/0015.jpg,kerry_blue_terrier
data/raw/kerry_blue_terrier/0001.jpg,kerry_blue_terrier
data/raw/kerry_blue_terrier/0029.jpg,kerry_blue_terrier
data/raw/kerry_blue_terrier/0017.jpg,kerry_blue_terrier
data/raw/kerry_blue_terrier/0003.jpg,kerry_blue_terrier
data/raw/kerry_blue_terrier/0002.jpg,kerry_blue_terrier
data/raw/kerry_blue_terrier/0016.jpg,kerry_blue_terrier
data/raw/kerry_blue_terrier/0033.jpg,kerry_blue_terrier
data/raw/kerry_blue_terrier/0027.jpg,kerry_blue_terrier
data/raw/kerry_blue_terrier/0026.jpg,kerry_blue_terrier
data/raw/kerry_blue_terrier/0032.jpg,kerry_blue_terrier
data/raw/kerry_blue_terrier/0024.jpg,kerry_blue_terrier
data/raw/kerry_blue_terrier/0030.jpg,kerry_blue_terrier
data/raw/kerry_blue_terrier/0018.jpg,kerry_blue_terrier
data/raw/kerry_blue_terrier/0019.jpg,kerry_blue_terrier
data/raw/kerry_blue_terrier/0031.jpg,kerry_blue_terrier
data/raw/kerry_blue_terrier/0025.jpg,kerry_blue_terrier
data/raw/kerry_blue_terrier/0009.jpg,kerry_blue_terrier
data/raw/kerry_blue_terrier/0021.jpg,kerry_blue_terrier
data/raw/kerry_blue_terrier/0035.jpg,kerry_blue_terrier
data/raw/komondor/0012.jpg,komondor
data/raw/komondor/0006.jpg,komondor
data/raw/komondor/0007.jpg,komondor
data/raw/komondor/0013.jpg,komondor
data/raw/komondor/0005.jpg,komondor
data/raw/komondor/0011.jpg,komondor
data/raw/komondor/0039.jpg,komondor
data/raw/komondor/0038.jpg,komondor
data/raw/komondor/0010.jpg,komondor
data/raw/komondor/0004.jpg,komondor
data/raw/komondor/0028.jpg,komondor
data/raw/komondor/0014.jpg,komondor
data/raw/komondor/0015.jpg,komondor
data/raw/komondor/0001.jpg,komondor
data/raw/komondor/0029.jpg,komondor
data/raw/komondor/0017.jpg,komondor
data/raw/komondor/0003.jpg,komondor
data/raw/komondor/0002.jpg,komondor
data/raw/komondor/0016.jpg,komondor
data/raw/komondor/0033.jpg,komondor
data/raw/komondor/0027.jpg,komondor
data/raw/komondor/0026.jpg,komondor
data/raw/komondor/0032.jpg,komondor
data/raw/komondor/0024.jpg,komondor
data/raw/komondor/0030.jpg,komondor
data/raw/komondor/0018.jpg,komondor
data/raw/komondor/0019.jpg,komondor
data/raw/komondor/0031.jpg,komondor
data/raw/komondor/0025.jpg,komondor
data/raw/komondor/0009.jpg,komondor
data/raw/komondor/0021.jpg,komondor
data/raw/komondor/0035.jpg,komondor
data/raw/kuvasz/0012.jpg,kuvasz
data/raw/kuvasz/0006.jpg,kuvasz
data/raw/kuvasz/0007.jpg,kuvasz
data/raw/kuvasz/0013.jpg,kuvasz
data/raw/kuvasz/0005.jpg,kuvasz
data/raw/kuvasz/0039.jpg,kuvasz
data/raw/kuvasz/0038.jpg,kuvasz
data/raw/kuvasz/0010.jpg,kuvasz
data/raw/kuvasz/0004.jpg,kuvasz
data/raw/kuvasz/0028.jpg,kuvasz
data/raw/kuvasz/0014.jpg,kuvasz
data/raw/kuvasz/0015.jpg,kuvasz
data/raw/kuvasz/0001.jpg,kuvasz
data/raw/kuvasz/0029.jpg,kuvasz
data/raw/kuvasz/0017.jpg,kuvasz
data/raw/kuvasz/0003.jpg,kuvasz
data/raw/kuvasz/0002.jpg,kuvasz
data/raw/kuvasz/0016.jpg,kuvasz
data/raw/kuvasz/0033.jpg,kuvasz
data/raw/kuvasz/0027.jpg,kuvasz
data/raw/kuvasz/0026.jpg,kuvasz
data/raw/kuvasz/0032.jpg,kuvasz
data/raw/kuvasz/0024.jpg,kuvasz
data/raw/kuvasz/0030.jpg,kuvasz
data/raw/kuvasz/0018.jpg,kuvasz
data/raw/kuvasz/0019.jpg,kuvasz
data/raw/kuvasz/0031.jpg,kuvasz
data/raw/kuvasz/0025.jpg,kuvasz
data/raw/kuvasz/0009.jpg,kuvasz
data/raw/kuvasz/0021.jpg,kuvasz
data/raw/kuvasz/0035.jpg,kuvasz
data/raw/labrador_retriever/0012.jpg,labrador_retriever
data/raw/labrador_retriever/0006.jpg,labrador_retriever
data/raw/labrador_retriever/0007.jpg,labrador_retriever
data/raw/labrador_retriever/0013.jpg,labrador_retriever
data/raw/labrador_retriever/0005.jpg,labrador_retriever
data/raw/labrador_retriever/0011.jpg,labrador_retriever
data/raw/labrador_retriever/0039.jpg,labrador_retriever
data/raw/labrador_retriever/0038.jpg,labrador_retriever
data/raw/labrador_retriever/0010.jpg,labrador_retriever
data/raw/labrador_retriever/0004.jpg,labrador_retriever
data/raw/labrador_retriever/0028.jpg,labrador_retriever
data/raw/labrador_retriever/0014.jpg,labrador_retriever
data/raw/labrador_retriever/0015.jpg,labrador_retriever
data/raw/labrador_retriever/0001.jpg,labrador_retriever
data/raw/labrador_retriever/0029.jpg,labrador_retriever
data/raw/labrador_retriever/0017.jpg,labrador_retriever
data/raw/labrador_retriever/0003.jpg,labrador_retriever
data/raw/labrador_retriever/0002.jpg,labrador_retriever
data/raw/labrador_retriever/0016.jpg,labrador_retriever
data/raw/labrador_retriever/0033.jpg,labrador_retriever
data/raw/labrador_retriever/0027.jpg,labrador_retriever
data/raw/labrador_retriever/0026.jpg,labrador_retriever
data/raw/labrador_retriever/0032.jpg,labrador_retriever
data/raw/labrador_retriever/0024.jpg,labrador_retriever
data/raw/labrador_retriever/0030.jpg,labrador_retriever
data/raw/labrador_retriever/0018.jpg,labrador_retriever
data/raw/labrador_retriever/0019.jpg,labrador_retriever
data/raw/labrador_retriever/0031.jpg,labrador_retriever
data/raw/labrador_retriever/0025.jpg,labrador_retriever
data/raw/labrador_retriever/0009.jpg,labrador_retriever
data/raw/labrador_retriever/0021.jpg,labrador_retriever
data/raw/labrador_retriever/0035.jpg,labrador_retriever
data/raw/lakeland_terrier/0012.jpg,lakeland_terrier
data/raw/lakeland_terrier/0006.jpg,lakeland_terrier
data/raw/lakeland_terrier/0007.jpg,lakeland_terrier
data/raw/lakeland_terrier/0013.jpg,lakeland_terrier
data/raw/lakeland_terrier/0005.jpg,lakeland_terrier
data/raw/lakeland_terrier/0011.jpg,lakeland_terrier
data/raw/lakeland_terrier/0039.jpg,lakeland_terrier
data/raw/lakeland_terrier/0010.jpg,lakeland_terrier
data/raw/lakeland_terrier/0004.jpg,lakeland_terrier
data/raw/lakeland_terrier/0028.jpg,lakeland_terrier
data/raw/lakeland_terrier/0014.jpg,lakeland_terrier
data/raw/lakeland_terrier/0015.jpg,lakeland_terrier
data/raw/lakeland_terrier/0001.jpg,lakeland_terrier
data/raw/lakeland_terrier/0029.jpg,lakeland_terrier
data/raw/lakeland_terrier/0017.jpg,lakeland_terrier
data/raw/lakeland_terrier/0003.jpg,lakeland_terrier
data/raw/lakeland_terrier/0002.jpg,lakeland_terrier
data/raw/lakeland_terrier/0016.jpg,lakeland_terrier
data/raw/lakeland_terrier/0033.jpg,lakeland_terrier
data/raw/lakeland_terrier/0027.jpg,lakeland_terrier
data/raw/lakeland_terrier/0026.jpg,lakeland_terrier
data/raw/lakeland_terrier/0032.jpg,lakeland_terrier
data/raw/lakeland_terrier/0024.jpg,lakeland_terrier
data/raw/lakeland_terrier/0030.jpg,lakeland_terrier
data/raw/lakeland_terrier/0018.jpg,lakeland_terrier
data/raw/lakeland_terrier/0019.jpg,lakeland_terrier
data/raw/lakeland_terrier/0031.jpg,lakeland_terrier
data/raw/lakeland_terrier/0025.jpg,lakeland_terrier
data/raw/lakeland_terrier/0009.jpg,lakeland_terrier
data/raw/lakeland_terrier/0021.jpg,lakeland_terrier
data/raw/lakeland_terrier/0035.jpg,lakeland_terrier
data/raw/leonberger/0012.jpg,leonberger
data/raw/leonberger/0006.jpg,leonberger
data/raw/leonberger/0007.jpg,leonberger
data/raw/leonberger/0013.jpg,leonberger
data/raw/leonberger/0005.jpg,leonberger
data/raw/leonberger/0011.jpg,leonberger
data/raw/leonberger/0039.jpg,leonberger
data/raw/leonberger/0038.jpg,leonberger
data/raw/leonberger/0010.jpg,leonberger
data/raw/leonberger/0004.jpg,leonberger
data/raw/leonberger/0028.jpg,leonberger
data/raw/leonberger/0014.jpg,leonberger
data/raw/leonberger/0015.jpg,leonberger
data/raw/leonberger/0001.jpg,leonberger
data/raw/leonberger/0029.jpg,leonberger
data/raw/leonberger/0017.jpg,leonberger
data/raw/leonberger/0003.jpg,leonberger
data/raw/leonberger/0002.jpg,leonberger
data/raw/leonberger/0016.jpg,leonberger
data/raw/leonberger/0033.jpg,leonberger
data/raw/leonberger/0027.jpg,leonberger
data/raw/leonberger/0026.jpg,leonberger
data/raw/leonberger/0032.jpg,leonberger
data/raw/leonberger/0024.jpg,leonberger
data/raw/leonberger/0030.jpg,leonberger
data/raw/leonberger/0018.jpg,leonberger
data/raw/leonberger/0019.jpg,leonberger
data/raw/leonberger/0031.jpg,leonberger
data/raw/leonberger/0025.jpg,leonberger
data/raw/leonberger/0009.jpg,leonberger
data/raw/leonberger/0021.jpg,leonberger
data/raw/lhasa_apso/0012.jpg,lhasa_apso
data/raw/lhasa_apso/0006.jpg,lhasa_apso
data/raw/lhasa_apso/0007.jpg,lhasa_apso
data/raw/lhasa_apso/0013.jpg,lhasa_apso
data/raw/lhasa_apso/0005.jpg,lhasa_apso
data/raw/lhasa_apso/0011.jpg,lhasa_apso
data/raw/lhasa_apso/0039.jpg,lhasa_apso
data/raw/lhasa_apso/0038.jpg,lhasa_apso
data/raw/lhasa_apso/0010.jpg,lhasa_apso
data/raw/lhasa_apso/0004.jpg,lhasa_apso
data/raw/lhasa_apso/0028.jpg,lhasa_apso
data/raw/lhasa_apso/0014.jpg,lhasa_apso
data/raw/lhasa_apso/0015.jpg,lhasa_apso
data/raw/lhasa_apso/0001.jpg,lhasa_apso
data/raw/lhasa_apso/0029.jpg,lhasa_apso
data/raw/lhasa_apso/0017.jpg,lhasa_apso
data/raw/lhasa_apso/0003.jpg,lhasa_apso
data/raw/lhasa_apso/0002.jpg,lhasa_apso
data/raw/lhasa_apso/0016.jpg,lhasa_apso
data/raw/lhasa_apso/0033.jpg,lhasa_apso
data/raw/lhasa_apso/0027.jpg,lhasa_apso
data/raw/lhasa_apso/0026.jpg,lhasa_apso
data/raw/lhasa_apso/0032.jpg,lhasa_apso
data/raw/lhasa_apso/0024.jpg,lhasa_apso
data/raw/lhasa_apso/0030.jpg,lhasa_apso
data/raw/lhasa_apso/0018.jpg,lhasa_apso
data/raw/lhasa_apso/0019.jpg,lhasa_apso
data/raw/lhasa_apso/0031.jpg,lhasa_apso
data/raw/lhasa_apso/0025.jpg,lhasa_apso
data/raw/lhasa_apso/0009.jpg,lhasa_apso
data/raw/lhasa_apso/0021.jpg,lhasa_apso
data/raw/lhasa_apso/0035.jpg,lhasa_apso
data/raw/lowchen/0012.jpg,lowchen
data/raw/lowchen/0006.jpg,lowchen
data/raw/lowchen/0007.jpg,lowchen
data/raw/lowchen/0013.jpg,lowchen
data/raw/lowchen/0005.jpg,lowchen
data/raw/lowchen/0011.jpg,lowchen
data/raw/lowchen/0039.jpg,lowchen
data/raw/lowchen/0038.jpg,lowchen
data/raw/lowchen/0010.jpg,lowchen
data/raw/lowchen/0004.jpg,lowchen
data/raw/lowchen/0028.jpg,lowchen
data/raw/lowchen/0014.jpg,lowchen
data/raw/lowchen/0015.jpg,lowchen
data/raw/lowchen/0001.jpg,lowchen
data/raw/lowchen/0029.jpg,lowchen
data/raw/lowchen/0017.jpg,lowchen
data/raw/lowchen/0003.jpg,lowchen
data/raw/lowchen/0002.jpg,lowchen
data/raw/lowchen/0016.jpg,lowchen
data/raw/lowchen/0033.jpg,lowchen
data/raw/lowchen/0027.jpg,lowchen
data/raw/lowchen/0026.jpg,lowchen
data/raw/lowchen/0032.jpg,lowchen
data/raw/lowchen/0024.jpg,lowchen
data/raw/lowchen/0030.jpg,lowchen
data/raw/lowchen/0018.jpg,lowchen
data/raw/lowchen/0019.jpg,lowchen
data/raw/lowchen/0031.jpg,lowchen
data/raw/lowchen/0025.jpg,lowchen
data/raw/lowchen/0009.jpg,lowchen
data/raw/lowchen/0035.jpg,lowchen
data/raw/maltese/0012.jpg,maltese
data/raw/maltese/0006.jpg,maltese
data/raw/maltese/0007.jpg,maltese
data/raw/maltese/0013.jpg,maltese
data/raw/maltese/0005.jpg,maltese
data/raw/maltese/0011.jpg,maltese
data/raw/maltese/0039.jpg,maltese
data/raw/maltese/0038.jpg,maltese
data/raw/maltese/0010.jpg,maltese
data/raw/maltese/0004.jpg,maltese
data/raw/maltese/0028.jpg,maltese
data/raw/maltese/0014.jpg,maltese
data/raw/maltese/0015.jpg,maltese
data/raw/maltese/0001.jpg,maltese
data/raw/maltese/0029.jpg,maltese
data/raw/maltese/0017.jpg,maltese
data/raw/maltese/0003.jpg,maltese
data/raw/maltese/0002.jpg,maltese
data/raw/maltese/0016.jpg,maltese
data/raw/maltese/0033.jpg,maltese
data/raw/maltese/0027.jpg,maltese
data/raw/maltese/0026.jpg,maltese
data/raw/maltese/0032.jpg,maltese
data/raw/maltese/0024.jpg,maltese
data/raw/maltese/0030.jpg,maltese
data/raw/maltese/0018.jpg,maltese
data/raw/maltese/0019.jpg,maltese
data/raw/maltese/0031.jpg,maltese
data/raw/maltese/0025.jpg,maltese
data/raw/maltese/0009.jpg,maltese
data/raw/maltese/0021.jpg,maltese
data/raw/maltese/0035.jpg,maltese
data/raw/manchester_terrier/0006.jpg,manchester_terrier
data/raw/manchester_terrier/0007.jpg,manchester_terrier
data/raw/manchester_terrier/0013.jpg,manchester_terrier
data/raw/manchester_terrier/0005.jpg,manchester_terrier
data/raw/manchester_terrier/0011.jpg,manchester_terrier
data/raw/manchester_terrier/0039.jpg,manchester_terrier
data/raw/manchester_terrier/0038.jpg,manchester_terrier
data/raw/manchester_terrier/0010.jpg,manchester_terrier
data/raw/manchester_terrier/0004.jpg,manchester_terrier
data/raw/manchester_terrier/0028.jpg,manchester_terrier
data/raw/manchester_terrier/0014.jpg,manchester_terrier
data/raw/manchester_terrier/0015.jpg,manchester_terrier
data/raw/manchester_terrier/0001.jpg,manchester_terrier
data/raw/manchester_terrier/0029.jpg,manchester_terrier
data/raw/manchester_terrier/0017.jpg,manchester_terrier
data/raw/manchester_terrier/0003.jpg,manchester_terrier
data/raw/manchester_terrier/0002.jpg,manchester_terrier
data/raw/manchester_terrier/0016.jpg,manchester_terrier
data/raw/manchester_terrier/0033.jpg,manchester_terrier
data/raw/manchester_terrier/0027.jpg,manchester_terrier
data/raw/manchester_terrier/0026.jpg,manchester_terrier
data/raw/manchester_terrier/0032.jpg,manchester_terrier
data/raw/manchester_terrier/0024.jpg,manchester_terrier
data/raw/manchester_terrier/0030.jpg,manchester_terrier
data/raw/manchester_terrier/0018.jpg,manchester_terrier
data/raw/manchester_terrier/0019.jpg,manchester_terrier
data/raw/manchester_terrier/0031.jpg,manchester_terrier
data/raw/manchester_terrier/0025.jpg,manchester_terrier
data/raw/manchester_terrier/0009.jpg,manchester_terrier
data/raw/manchester_terrier/0021.jpg,manchester_terrier
data/raw/manchester_terrier/0035.jpg,manchester_terrier
data/raw/marmaduke/0012.jpg,marmaduke
data/raw/marmaduke/0006.jpg,marmaduke
data/raw/marmaduke/0007.jpg,marmaduke
data/raw/marmaduke/0013.jpg,marmaduke
data/raw/marmaduke/0005.jpg,marmaduke
data/raw/marmaduke/0011.jpg,marmaduke
data/raw/marmaduke/0039.jpg,marmaduke
data/raw/marmaduke/0038.jpg,marmaduke
data/raw/marmaduke/0010.jpg,marmaduke
data/raw/marmaduke/0004.jpg,marmaduke
data/raw/marmaduke/0028.jpg,marmaduke
data/raw/marmaduke/0014.jpg,marmaduke
data/raw/marmaduke/0015.jpg,marmaduke
data/raw/marmaduke/0001.jpg,marmaduke
data/raw/marmaduke/0029.jpg,marmaduke
data/raw/marmaduke/0017.jpg,marmaduke
data/raw/marmaduke/0003.jpg,marmaduke
data/raw/marmaduke/0002.jpg,marmaduke
data/raw/marmaduke/0016.jpg,marmaduke
data/raw/marmaduke/0033.jpg,marmaduke
data/raw/marmaduke/0027.jpg,marmaduke
data/raw/marmaduke/0026.jpg,marmaduke
data/raw/marmaduke/0032.jpg,marmaduke
data/raw/marmaduke/0024.jpg,marmaduke
data/raw/marmaduke/0030.jpg,marmaduke
data/raw/marmaduke/0018.jpg,marmaduke
data/raw/marmaduke/0019.jpg,marmaduke
data/raw/marmaduke/0031.jpg,marmaduke
data/raw/marmaduke/0025.jpg,marmaduke
data/raw/marmaduke/0009.jpg,marmaduke
data/raw/marmaduke/0021.jpg,marmaduke
data/raw/marmaduke/0035.jpg,marmaduke
data/raw/mexican_hairless/0012.jpg,mexican_hairless
data/raw/mexican_hairless/0006.jpg,mexican_hairless
data/raw/mexican_hairless/0007.jpg,mexican_hairless
data/raw/mexican_hairless/0013.jpg,mexican_hairless
data/raw/mexican_hairless/0005.jpg,mexican_hairless
data/raw/mexican_hairless/0011.jpg,mexican_hairless
data/raw/mexican_hairless/0039.jpg,mexican_hairless
data/raw/mexican_hairless/0038.jpg,mexican_hairless
data/raw/mexican_hairless/0010.jpg,mexican_hairless
data/raw/mexican_hairless/0004.jpg,mexican_hairless
data/raw/mexican_hairless/0028.jpg,mexican_hairless
data/raw/mexican_hairless/0014.jpg,mexican_hairless
data/raw/mexican_hairless/0015.jpg,mexican_hairless
data/raw/mexican_hairless/0001.jpg,mexican_hairless
data/raw/mexican_hairless/0029.jpg,mexican_hairless
data/raw/mexican_hairless/0017.jpg,mexican_hairless
data/raw/mexican_hairless/0003.jpg,mexican_hairless
data/raw/mexican_hairless/0002.jpg,mexican_hairless
data/raw/mexican_hairless/0016.jpg,mexican_hairless
data/raw/mexican_hairless/0033.jpg,mexican_hairless
data/raw/mexican_hairless/0027.jpg,mexican_hairless
data/raw/mexican_hairless/0026.jpg,mexican_hairless
data/raw/mexican_hairless/0032.jpg,mexican_hairless
data/raw/mexican_hairless/0024.jpg,mexican_hairless
data/raw/mexican_hairless/0030.jpg,mexican_hairless
data/raw/mexican_hairless/0018.jpg,mexican_hairless
data/raw/mexican_hairless/0019.jpg,mexican_hairless
data/raw/mexican_hairless/0031.jpg,mexican_hairless
data/raw/mexican_hairless/0025.jpg,mexican_hairless
data/raw/mexican_hairless/0009.jpg,mexican_hairless
data/raw/mexican_hairless/0021.jpg,mexican_hairless
data/raw/mexican_hairless/0035.jpg,mexican_hairless
data/raw/miniature_pinscher/0012.jpg,miniature_pinscher
data/raw/miniature_pinscher/0006.jpg,miniature_pinscher
data/raw/miniature_pinscher/0007.jpg,miniature_pinscher
data/raw/miniature_pinscher/0013.jpg,miniature_pinscher
data/raw/miniature_pinscher/0005.jpg,miniature_pinscher
data/raw/miniature_pinscher/0011.jpg,miniature_pinscher
data/raw/miniature_pinscher/0039.jpg,miniature_pinscher
data/raw/miniature_pinscher/0038.jpg,miniature_pinscher
data/raw/miniature_pinscher/0010.jpg,miniature_pinscher
data/raw/miniature_pinscher/0004.jpg,miniature_pinscher
data/raw/miniature_pinscher/0028.jpg,miniature_pinscher
data/raw/miniature_pinscher/0014.jpg,miniature_pinscher
data/raw/miniature_pinscher/0015.jpg,miniature_pinscher
data/raw/miniature_pinscher/0001.jpg,miniature_pinscher
data/raw/miniature_pinscher/0029.jpg,miniature_pinscher
data/raw/miniature_pinscher/0017.jpg,miniature_pinscher
data/raw/miniature_pinscher/0003.jpg,miniature_pinscher
data/raw/miniature_pinscher/0002.jpg,miniature_pinscher
data/raw/miniature_pinscher/0016.jpg,miniature_pinscher
data/raw/miniature_pinscher/0033.jpg,miniature_pinscher
data/raw/miniature_pinscher/0027.jpg,miniature_pinscher
data/raw/miniature_pinscher/0026.jpg,miniature_pinscher
data/raw/miniature_pinscher/0032.jpg,miniature_pinscher
data/raw/miniature_pinscher/0024.jpg,miniature_pinscher
data/raw/miniature_pinscher/0030.jpg,miniature_pinscher
data/raw/miniature_pinscher/0018.jpg,miniature_pinscher
data/raw/miniature_pinscher/0019.jpg,miniature_pinscher
data/raw/miniature_pinscher/0031.jpg,miniature_pinscher
data/raw/miniature_pinscher/0025.jpg,miniature_pinscher
data/raw/miniature_pinscher/0009.jpg,miniature_pinscher
data/raw/miniature_pinscher/0021.jpg,miniature_pinscher
data/raw/miniature_pinscher/0035.jpg,miniature_pinscher
data/raw/miniature_poodle/0012.jpg,miniature_poodle
data/raw/miniature_poodle/0006.jpg,miniature_poodle
data/raw/miniature_poodle/0007.jpg,miniature_poodle
data/raw/miniature_poodle/0013.jpg,miniature_poodle
data/raw/miniature_poodle/0005.jpg,miniature_poodle
data/raw/miniature_poodle/0011.jpg,miniature_poodle
data/raw/miniature_poodle/0039.jpg,miniature_poodle
data/raw/miniature_poodle/0038.jpg,miniature_poodle
data/raw/miniature_poodle/0010.jpg,miniature_poodle
data/raw/miniature_poodle/0004.jpg,miniature_poodle
data/raw/miniature_poodle/0028.jpg,miniature_poodle
data/raw/miniature_poodle/0014.jpg,miniature_poodle
data/raw/miniature_poodle/0015.jpg,miniature_poodle
data/raw/miniature_poodle/0001.jpg,miniature_poodle
data/raw/miniature_poodle/0029.jpg,miniature_poodle
data/raw/miniature_poodle/0017.jpg,miniature_poodle
data/raw/miniature_poodle/0003.jpg,miniature_poodle
data/raw/miniature_poodle/0002.jpg,miniature_poodle
data/raw/miniature_poodle/0016.jpg,miniature_poodle
data/raw/miniature_poodle/0033.jpg,miniature_poodle
data/raw/miniature_poodle/0027.jpg,miniature_poodle
data/raw/miniature_poodle/0026.jpg,miniature_poodle
data/raw/miniature_poodle/0032.jpg,miniature_poodle
data/raw/miniature_poodle/0024.jpg,miniature_poodle
data/raw/miniature_poodle/0030.jpg,miniature_poodle
data/raw/miniature_poodle/0018.jpg,miniature_poodle
data/raw/miniature_poodle/0019.jpg,miniature_poodle
data/raw/miniature_poodle/0031.jpg,miniature_poodle
data/raw/miniature_poodle/0025.jpg,miniature_poodle
data/raw/miniature_poodle/0009.jpg,miniature_poodle
data/raw/miniature_poodle/0021.jpg,miniature_poodle
data/raw/miniature_poodle/0035.jpg,miniature_poodle
data/raw/miniature_schnauzer/0012.jpg,miniature_schnauzer
data/raw/miniature_schnauzer/0006.jpg,miniature_schnauzer
data/raw/miniature_schnauzer/0007.jpg,miniature_schnauzer
data/raw/miniature_schnauzer/0013.jpg,miniature_schnauzer
data/raw/miniature_schnauzer/0005.jpg,miniature_schnauzer
data/raw/miniature_schnauzer/0011.jpg,miniature_schnauzer
data/raw/miniature_schnauzer/0039.jpg,miniature_schnauzer
data/raw/miniature_schnauzer/0038.jpg,miniature_schnauzer
data/raw/miniature_schnauzer/0010.jpg,miniature_schnauzer
data/raw/miniature_schnauzer/0004.jpg,miniature_schnauzer
data/raw/miniature_schnauzer/0028.jpg,miniature_schnauzer
data/raw/miniature_schnauzer/0014.jpg,miniature_schnauzer
data/raw/miniature_schnauzer/0015.jpg,miniature_schnauzer
data/raw/miniature_schnauzer/0001.jpg,miniature_schnauzer
data/raw/miniature_schnauzer/0029.jpg,miniature_schnauzer
data/raw/miniature_schnauzer/0017.jpg,miniature_schnauzer
data/raw/miniature_schnauzer/0003.jpg,miniature_schnauzer
data/raw/miniature_schnauzer/0002.jpg,miniature_schnauzer
data/raw/miniature_schnauzer/0016.jpg,miniature_schnauzer
data/raw/miniature_schnauzer/0033.jpg,miniature_schnauzer
data/raw/miniature_schnauzer/0027.jpg,miniature_schnauzer
data/raw/miniature_schnauzer/0026.jpg,miniature_schnauzer
data/raw/miniature_schnauzer/0032.jpg,miniature_schnauzer
data/raw/miniature_schnauzer/0024.jpg,miniature_schnauzer
data/raw/miniature_schnauzer/0030.jpg,miniature_schnauzer
data/raw/miniature_schnauzer/0018.jpg,miniature_schnauzer
data/raw/miniature_schnauzer/0019.jpg,miniature_schnauzer
data/raw/miniature_schnauzer/0031.jpg,miniature_schnauzer
data/raw/miniature_schnauzer/0025.jpg,miniature_schnauzer
data/raw/miniature_schnauzer/0009.jpg,miniature_schnauzer
data/raw/miniature_schnauzer/0021.jpg,miniature_schnauzer
data/raw/miniature_schnauzer/0035.jpg,miniature_schnauzer
data/raw/newfoundland/0012.jpg,newfoundland
data/raw/newfoundland/0006.jpg,newfoundland
data/raw/newfoundland/0007.jpg,newfoundland
data/raw/newfoundland/0013.jpg,newfoundland
data/raw/newfoundland/0005.jpg,newfoundland
data/raw/newfoundland/0011.jpg,newfoundland
data/raw/newfoundland/0039.jpg,newfoundland
data/raw/newfoundland/0038.jpg,newfoundland
data/raw/newfoundland/0010.jpg,newfoundland
data/raw/newfoundland/0004.jpg,newfoundland
data/raw/newfoundland/0028.jpg,newfoundland
data/raw/newfoundland/0014.jpg,newfoundland
data/raw/newfoundland/0015.jpg,newfoundland
data/raw/newfoundland/0001.jpg,newfoundland
data/raw/newfoundland/0029.jpg,newfoundland
data/raw/newfoundland/0017.jpg,newfoundland
data/raw/newfoundland/0003.jpg,newfoundland
data/raw/newfoundland/0002.jpg,newfoundland
data/raw/newfoundland/0016.jpg,newfoundland
data/raw/newfoundland/0033.jpg,newfoundland
data/raw/newfoundland/0027.jpg,newfoundland
data/raw/newfoundland/0026.jpg,newfoundland
data/raw/newfoundland/0032.jpg,newfoundland
data/raw/newfoundland/0024.jpg,newfoundland
data/raw/newfoundland/0030.jpg,newfoundland
data/raw/newfoundland/0018.jpg,newfoundland
data/raw/newfoundland/0019.jpg,newfoundland
data/raw/newfoundland/0031.jpg,newfoundland
data/raw/newfoundland/0025.jpg,newfoundland
data/raw/newfoundland/0009.jpg,newfoundland
data/raw/newfoundland/0021.jpg,newfoundland
data/raw/newfoundland/0035.jpg,newfoundland
data/raw/norfolk_terrier/0012.jpg,norfolk_terrier
data/raw/norfolk_terrier/0006.jpg,norfolk_terrier
data/raw/norfolk_terrier/0007.jpg,norfolk_terrier
data/raw/norfolk_terrier/0013.jpg,norfolk_terrier
data/raw/norfolk_terrier/0005.jpg,norfolk_terrier
data/raw/norfolk_terrier/0011.jpg,norfolk_terrier
data/raw/norfolk_terrier/0039.jpg,norfolk_terrier
data/raw/norfolk_terrier/0038.jpg,norfolk_terrier
data/raw/norfolk_terrier/0010.jpg,norfolk_terrier
data/raw/norfolk_terrier/0004.jpg,norfolk_terrier
data/raw/norfolk_terrier/0028.jpg,norfolk_terrier
data/raw/norfolk_terrier/0014.jpg,norfolk_terrier
data/raw/norfolk_terrier/0015.jpg,norfolk_terrier
data/raw/norfolk_terrier/0001.jpg,norfolk_terrier
data/raw/norfolk_terrier/0029.jpg,norfolk_terrier
data/raw/norfolk_terrier/0017.jpg,norfolk_terrier
data/raw/norfolk_terrier/0003.jpg,norfolk_terrier
data/raw/norfolk_terrier/0002.jpg,norfolk_terrier
data/raw/norfolk_terrier/0016.jpg,norfolk_terrier
data/raw/norfolk_terrier/0033.jpg,norfolk_terrier
data/raw/norfolk_terrier/0027.jpg,norfolk_terrier
data/raw/norfolk_terrier/0026.jpg,norfolk_terrier
data/raw/norfolk_terrier/0032.jpg,norfolk_terrier
data/raw/norfolk_terrier/0024.jpg,norfolk_terrier
data/raw/norfolk_terrier/0030.jpg,norfolk_terrier
data/raw/norfolk_terrier/0018.jpg,norfolk_terrier
data/raw/norfolk_terrier/0019.jpg,norfolk_terrier
data/raw/norfolk_terrier/0031.jpg,norfolk_terrier
data/raw/norfolk_terrier/0025.jpg,norfolk_terrier
data/raw/norfolk_terrier/0009.jpg,norfolk_terrier
data/raw/norfolk_terrier/0021.jpg,norfolk_terrier
data/raw/norfolk_terrier/0035.jpg,norfolk_terrier
data/raw/norwegian_elkhound/0012.jpg,norwegian_elkhound
data/raw/norwegian_elkhound/0006.jpg,norwegian_elkhound
data/raw/norwegian_elkhound/0007.jpg,norwegian_elkhound
data/raw/norwegian_elkhound/0013.jpg,norwegian_elkhound
data/raw/norwegian_elkhound/0005.jpg,norwegian_elkhound
data/raw/norwegian_elkhound/0011.jpg,norwegian_elkhound
data/raw/norwegian_elkhound/0039.jpg,norwegian_elkhound
data/raw/norwegian_elkhound/0038.jpg,norwegian_elkhound
data/raw/norwegian_elkhound/0010.jpg,norwegian_elkhound
data/raw/norwegian_elkhound/0004.jpg,norwegian_elkhound
data/raw/norwegian_elkhound/0028.jpg,norwegian_elkhound
data/raw/norwegian_elkhound/0014.jpg,norwegian_elkhound
data/raw/norwegian_elkhound/0015.jpg,norwegian_elkhound
data/raw/norwegian_elkhound/0001.jpg,norwegian_elkhound
data/raw/norwegian_elkhound/0029.jpg,norwegian_elkhound
data/raw/norwegian_elkhound/0017.jpg,norwegian_elkhound
data/raw/norwegian_elkhound/0003.jpg,norwegian_elkhound
data/raw/norwegian_elkhound/0002.jpg,norwegian_elkhound
data/raw/norwegian_elkhound/0016.jpg,norwegian_elkhound
data/raw/norwegian_elkhound/0033.jpg,norwegian_elkhound
data/raw/norwegian_elkhound/0027.jpg,norwegian_elkhound
data/raw/norwegian_elkhound/0026.jpg,norwegian_elkhound
data/raw/norwegian_elkhound/0032.jpg,norwegian_elkhound
data/raw/norwegian_elkhound/0024.jpg,norwegian_elkhound
data/raw/norwegian_elkhound/0030.jpg,norwegian_elkhound
data/raw/norwegian_elkhound/0018.jpg,norwegian_elkhound
data/raw/norwegian_elkhound/0019.jpg,norwegian_elkhound
data/raw/norwegian_elkhound/0031.jpg,norwegian_elkhound
data/raw/norwegian_elkhound/0025.jpg,norwegian_elkhound
data/raw/norwegian_elkhound/0009.jpg,norwegian_elkhound
data/raw/norwegian_elkhound/0021.jpg,norwegian_elkhound
data/raw/norwegian_elkhound/0035.jpg,norwegian_elkhound
data/raw/norwich_terrier/0012.jpg,norwich_terrier
data/raw/norwich_terrier/0006.jpg,norwich_terrier
data/raw/norwich_terrier/0007.jpg,norwich_terrier
data/raw/norwich_terrier/0013.jpg,norwich_terrier
data/raw/norwich_terrier/0005.jpg,norwich_terrier
data/raw/norwich_terrier/0011.jpg,norwich_terrier
data/raw/norwich_terrier/0039.jpg,norwich_terrier
data/raw/norwich_terrier/0038.jpg,norwich_terrier
data/raw/norwich_terrier/0010.jpg,norwich_terrier
data/raw/norwich_terrier/0004.jpg,norwich_terrier
data/raw/norwich_terrier/0028.jpg,norwich_terrier
data/raw/norwich_terrier/0014.jpg,norwich_terrier
data/raw/norwich_terrier/0015.jpg,norwich_terrier
data/raw/norwich_terrier/0001.jpg,norwich_terrier
data/raw/norwich_terrier/0029.jpg,norwich_terrier
data/raw/norwich_terrier/0017.jpg,norwich_terrier
data/raw/norwich_terrier/0003.jpg,norwich_terrier
data/raw/norwich_terrier/0002.jpg,norwich_terrier
data/raw/norwich_terrier/0016.jpg,norwich_terrier
data/raw/norwich_terrier/0033.jpg,norwich_terrier
data/raw/norwich_terrier/0027.jpg,norwich_terrier
data/raw/norwich_terrier/0026.jpg,norwich_terrier
data/raw/norwich_terrier/0032.jpg,norwich_terrier
data/raw/norwich_terrier/0024.jpg,norwich_terrier
data/raw/norwich_terrier/0030.jpg,norwich_terrier
data/raw/norwich_terrier/0018.jpg,norwich_terrier
data/raw/norwich_terrier/0019.jpg,norwich_terrier
data/raw/norwich_terrier/0031.jpg,norwich_terrier
data/raw/norwich_terrier/0025.jpg,norwich_terrier
data/raw/norwich_terrier/0009.jpg,norwich_terrier
data/raw/norwich_terrier/0021.jpg,norwich_terrier
data/raw/norwich_terrier/0035.jpg,norwich_terrier
data/raw/old_english_sheepdog/0012.jpg,old_english_sheepdog
data/raw/old_english_sheepdog/0006.jpg,old_english_sheepdog
data/raw/old_english_sheepdog/0007.jpg,old_english_sheepdog
data/raw/old_english_sheepdog/0013.jpg,old_english_sheepdog
data/raw/old_english_sheepdog/0005.jpg,old_english_sheepdog
data/raw/old_english_sheepdog/0011.jpg,old_english_sheepdog
data/raw/old_english_sheepdog/0039.jpg,old_english_sheepdog
data/raw/old_english_sheepdog/0038.jpg,old_english_sheepdog
data/raw/old_english_sheepdog/0010.jpg,old_english_sheepdog
data/raw/old_english_sheepdog/0004.jpg,old_english_sheepdog
data/raw/old_english_sheepdog/0028.jpg,old_english_sheepdog
data/raw/old_english_sheepdog/0014.jpg,old_english_sheepdog
data/raw/old_english_sheepdog/0015.jpg,old_english_sheepdog
data/raw/old_english_sheepdog/0001.jpg,old_english_sheepdog
data/raw/old_english_sheepdog/0017.jpg,old_english_sheepdog
data/raw/old_english_sheepdog/0003.jpg,old_english_sheepdog
data/raw/old_english_sheepdog/0002.jpg,old_english_sheepdog
data/raw/old_english_sheepdog/0016.jpg,old_english_sheepdog
data/raw/old_english_sheepdog/0033.jpg,old_english_sheepdog
data/raw/old_english_sheepdog/0027.jpg,old_english_sheepdog
data/raw/old_english_sheepdog/0026.jpg,old_english_sheepdog
data/raw/old_english_sheepdog/0032.jpg,old_english_sheepdog
data/raw/old_english_sheepdog/0024.jpg,old_english_sheepdog
data/raw/old_english_sheepdog/0030.jpg,old_english_sheepdog
data/raw/old_english_sheepdog/0018.jpg,old_english_sheepdog
data/raw/old_english_sheepdog/0019.jpg,old_english_sheepdog
data/raw/old_english_sheepdog/0031.jpg,old_english_sheepdog
data/raw/old_english_sheepdog/0025.jpg,old_english_sheepdog
data/raw/old_english_sheepdog/0009.jpg,old_english_sheepdog
data/raw/old_english_sheepdog/0021.jpg,old_english_sheepdog
data/raw/old_english_sheepdog/0035.jpg,old_english_sheepdog
data/raw/otterhound/0012.jpg,otterhound
data/raw/otterhound/0006.jpg,otterhound
data/raw/otterhound/0007.jpg,otterhound
data/raw/otterhound/0013.jpg,otterhound
data/raw/otterhound/0005.jpg,otterhound
data/raw/otterhound/0011.jpg,otterhound
data/raw/otterhound/0039.jpg,otterhound
data/raw/otterhound/0038.jpg,otterhound
data/raw/otterhound/0010.jpg,otterhound
data/raw/otterhound/0004.jpg,otterhound
data/raw/otterhound/0028.jpg,otterhound
data/raw/otterhound/0014.jpg,otterhound
data/raw/otterhound/0015.jpg,otterhound
data/raw/otterhound/0001.jpg,otterhound
data/raw/otterhound/0029.jpg,otterhound
data/raw/otterhound/0017.jpg,otterhound
data/raw/otterhound/0003.jpg,otterhound
data/raw/otterhound/0002.jpg,otterhound
data/raw/otterhound/0016.jpg,otterhound
data/raw/otterhound/0033.jpg,otterhound
data/raw/otterhound/0027.jpg,otterhound
data/raw/otterhound/0026.jpg,otterhound
data/raw/otterhound/0032.jpg,otterhound
data/raw/otterhound/0024.jpg,otterhound
data/raw/otterhound/0030.jpg,otterhound
data/raw/otterhound/0018.jpg,otterhound
data/raw/otterhound/0019.jpg,otterhound
data/raw/otterhound/0031.jpg,otterhound
data/raw/otterhound/0025.jpg,otterhound
data/raw/otterhound/0009.jpg,otterhound
data/raw/otterhound/0021.jpg,otterhound
data/raw/otterhound/0035.jpg,otterhound
data/raw/papillon/0012.jpg,papillon
data/raw/papillon/0006.jpg,papillon
data/raw/papillon/0007.jpg,papillon
data/raw/papillon/0013.jpg,papillon
data/raw/papillon/0005.jpg,papillon
data/raw/papillon/0011.jpg,papillon
data/raw/papillon/0039.jpg,papillon
data/raw/papillon/0038.jpg,papillon
data/raw/papillon/0010.jpg,papillon
data/raw/papillon/0004.jpg,papillon
data/raw/papillon/0028.jpg,papillon
data/raw/papillon/0014.jpg,papillon
data/raw/papillon/0015.jpg,papillon
data/raw/papillon/0001.jpg,papillon
data/raw/papillon/0029.jpg,papillon
data/raw/papillon/0017.jpg,papillon
data/raw/papillon/0003.jpg,papillon
data/raw/papillon/0002.jpg,papillon
data/raw/papillon/0016.jpg,papillon
data/raw/papillon/0033.jpg,papillon
data/raw/papillon/0027.jpg,papillon
data/raw/papillon/0026.jpg,papillon
data/raw/papillon/0032.jpg,papillon
data/raw/papillon/0024.jpg,papillon
data/raw/papillon/0030.jpg,papillon
data/raw/papillon/0018.jpg,papillon
data/raw/papillon/0019.jpg,papillon
data/raw/papillon/0031.jpg,papillon
data/raw/papillon/0025.jpg,papillon
data/raw/papillon/0009.jpg,papillon
data/raw/papillon/0021.jpg,papillon
data/raw/papillon/0035.jpg,papillon
data/raw/pekinese/0012.jpg,pekinese
data/raw/pekinese/0006.jpg,pekinese
data/raw/pekinese/0007.jpg,pekinese
data/raw/pekinese/0013.jpg,pekinese
data/raw/pekinese/0005.jpg,pekinese
data/raw/pekinese/0011.jpg,pekinese
data/raw/pekinese/0039.jpg,pekinese
data/raw/pekinese/0038.jpg,pekinese
data/raw/pekinese/0010.jpg,pekinese
data/raw/pekinese/0004.jpg,pekinese
data/raw/pekinese/0028.jpg,pekinese
data/raw/pekinese/0014.jpg,pekinese
data/raw/pekinese/0015.jpg,pekinese
data/raw/pekinese/0001.jpg,pekinese
data/raw/pekinese/0029.jpg,pekinese
data/raw/pekinese/0017.jpg,pekinese
data/raw/pekinese/0003.jpg,pekinese
data/raw/pekinese/0002.jpg,pekinese
data/raw/pekinese/0016.jpg,pekinese
data/raw/pekinese/0033.jpg,pekinese
data/raw/pekinese/0027.jpg,pekinese
data/raw/pekinese/0026.jpg,pekinese
data/raw/pekinese/0032.jpg,pekinese
data/raw/pekinese/0024.jpg,pekinese
data/raw/pekinese/0030.jpg,pekinese
data/raw/pekinese/0018.jpg,pekinese
data/raw/pekinese/0019.jpg,pekinese
data/raw/pekinese/0031.jpg,pekinese
data/raw/pekinese/0025.jpg,pekinese
data/raw/pekinese/0009.jpg,pekinese
data/raw/pekinese/0021.jpg,pekinese
data/raw/pekinese/0035.jpg,pekinese
data/raw/pembroke_welsh_corgi/0012.jpg,pembroke_welsh_corgi
data/raw/pembroke_welsh_corgi/0006.jpg,pembroke_welsh_corgi
data/raw/pembroke_welsh_corgi/0007.jpg,pembroke_welsh_corgi
data/raw/pembroke_welsh_corgi/0013.jpg,pembroke_welsh_corgi
data/raw/pembroke_welsh_corgi/0005.jpg,pembroke_welsh_corgi
data/raw/pembroke_welsh_corgi/0011.jpg,pembroke_welsh_corgi
data/raw/pembroke_welsh_corgi/0039.jpg,pembroke_welsh_corgi
data/raw/pembroke_welsh_corgi/0038.jpg,pembroke_welsh_corgi
data/raw/pembroke_welsh_corgi/0010.jpg,pembroke_welsh_corgi
data/raw/pembroke_welsh_corgi/0004.jpg,pembroke_welsh_corgi
data/raw/pembroke_welsh_corgi/0028.jpg,pembroke_welsh_corgi
data/raw/pembroke_welsh_corgi/0014.jpg,pembroke_welsh_corgi
data/raw/pembroke_welsh_corgi/0015.jpg,pembroke_welsh_corgi
data/raw/pembroke_welsh_corgi/0001.jpg,pembroke_welsh_corgi
data/raw/pembroke_welsh_corgi/0029.jpg,pembroke_welsh_corgi
data/raw/pembroke_welsh_corgi/0017.jpg,pembroke_welsh_corgi
data/raw/pembroke_welsh_corgi/0003.jpg,pembroke_welsh_corgi
data/raw/pembroke_welsh_corgi/0002.jpg,pembroke_welsh_corgi
data/raw/pembroke_welsh_corgi/0016.jpg,pembroke_welsh_corgi
data/raw/pembroke_welsh_corgi/0033.jpg,pembroke_welsh_corgi
data/raw/pembroke_welsh_corgi/0027.jpg,pembroke_welsh_corgi
data/raw/pembroke_welsh_corgi/0026.jpg,pembroke_welsh_corgi
data/raw/pembroke_welsh_corgi/0032.jpg,pembroke_welsh_corgi
data/raw/pembroke_welsh_corgi/0024.jpg,pembroke_welsh_corgi
data/raw/pembroke_welsh_corgi/0030.jpg,pembroke_welsh_corgi
data/raw/pembroke_welsh_corgi/0018.jpg,pembroke_welsh_corgi
data/raw/pembroke_welsh_corgi/0019.jpg,pembroke_welsh_corgi
data/raw/pembroke_welsh_corgi/0031.jpg,pembroke_welsh_corgi
data/raw/pembroke_welsh_corgi/0025.jpg,pembroke_welsh_corgi
data/raw/pembroke_welsh_corgi/0009.jpg,pembroke_welsh_corgi
data/raw/pembroke_welsh_corgi/0021.jpg,pembroke_welsh_corgi
data/raw/pembroke_welsh_corgi/0035.jpg,pembroke_welsh_corgi
data/raw/petit_basset_griffon_vendeen/0012.jpg,petit_basset_griffon_vendeen
data/raw/petit_basset_griffon_vendeen/0006.jpg,petit_basset_griffon_vendeen
data/raw/petit_basset_griffon_vendeen/0007.jpg,petit_basset_griffon_vendeen
data/raw/petit_basset_griffon_vendeen/0013.jpg,petit_basset_griffon_vendeen
data/raw/petit_basset_griffon_vendeen/0005.jpg,petit_basset_griffon_vendeen
data/raw/petit_basset_griffon_vendeen/0011.jpg,petit_basset_griffon_vendeen
data/raw/petit_basset_griffon_vendeen/0039.jpg,petit_basset_griffon_vendeen
data/raw/petit_basset_griffon_vendeen/0038.jpg,petit_basset_griffon_vendeen
data/raw/petit_basset_griffon_vendeen/0010.jpg,petit_basset_griffon_vendeen
data/raw/petit_basset_griffon_vendeen/0004.jpg,petit_basset_griffon_vendeen
data/raw/petit_basset_griffon_vendeen/0028.jpg,petit_basset_griffon_vendeen
data/raw/petit_basset_griffon_vendeen/0014.jpg,petit_basset_griffon_vendeen
data/raw/petit_basset_griffon_vendeen/0015.jpg,petit_basset_griffon_vendeen
data/raw/petit_basset_griffon_vendeen/0001.jpg,petit_basset_griffon_vendeen
data/raw/petit_basset_griffon_vendeen/0029.jpg,petit_basset_griffon_vendeen
data/raw/petit_basset_griffon_vendeen/0017.jpg,petit_basset_griffon_vendeen
data/raw/petit_basset_griffon_vendeen/0003.jpg,petit_basset_griffon_vendeen
data/raw/petit_basset_griffon_vendeen/0002.jpg,petit_basset_griffon_vendeen
data/raw/petit_basset_griffon_vendeen/0016.jpg,petit_basset_griffon_vendeen
data/raw/petit_basset_griffon_vendeen/0033.jpg,petit_basset_griffon_vendeen
data/raw/petit_basset_griffon_vendeen/0027.jpg,petit_basset_griffon_vendeen
data/raw/petit_basset_griffon_vendeen/0026.jpg,petit_basset_griffon_vendeen
data/raw/petit_basset_griffon_vendeen/0032.jpg,petit_basset_griffon_vendeen
data/raw/petit_basset_griffon_vendeen/0024.jpg,petit_basset_griffon_vendeen
data/raw/petit_basset_griffon_vendeen/0030.jpg,petit_basset_griffon_vendeen
data/raw/petit_basset_griffon_vendeen/0018.jpg,petit_basset_griffon_vendeen
data/raw/petit_basset_griffon_vendeen/0019.jpg,petit_basset_griffon_vendeen
data/raw/petit_basset_griffon_vendeen/0031.jpg,petit_basset_griffon_vendeen
data/raw/petit_basset_griffon_vendeen/0025.jpg,petit_basset_griffon_vendeen
data/raw/petit_basset_griffon_vendeen/0009.jpg,petit_basset_griffon_vendeen
data/raw/petit_basset_griffon_vendeen/0021.jpg,petit_basset_griffon_vendeen
data/raw/petit_basset_griffon_vendeen/0035.jpg,petit_basset_griffon_vendeen
data/raw/pharaoh_hound/0012.jpg,pharaoh_hound
data/raw/pharaoh_hound/0006.jpg,pharaoh_hound
data/raw/pharaoh_hound/0007.jpg,pharaoh_hound
data/raw/pharaoh_hound/0013.jpg,pharaoh_hound
data/raw/pharaoh_hound/0005.jpg,pharaoh_hound
data/raw/pharaoh_hound/0011.jpg,pharaoh_hound
data/raw/pharaoh_hound/0039.jpg,pharaoh_hound
data/raw/pharaoh_hound/0038.jpg,pharaoh_hound
data/raw/pharaoh_hound/0010.jpg,pharaoh_hound
data/raw/pharaoh_hound/0004.jpg,pharaoh_hound
data/raw/pharaoh_hound/0028.jpg,pharaoh_hound
data/raw/pharaoh_hound/0014.jpg,pharaoh_hound
data/raw/pharaoh_hound/0015.jpg,pharaoh_hound
data/raw/pharaoh_hound/0001.jpg,pharaoh_hound
data/raw/pharaoh_hound/0029.jpg,pharaoh_hound
data/raw/pharaoh_hound/0017.jpg,pharaoh_hound
data/raw/pharaoh_hound/0003.jpg,pharaoh_hound
data/raw/pharaoh_hound/0002.jpg,pharaoh_hound
data/raw/pharaoh_hound/0016.jpg,pharaoh_hound
data/raw/pharaoh_hound/0033.jpg,pharaoh_hound
data/raw/pharaoh_hound/0027.jpg,pharaoh_hound
data/raw/pharaoh_hound/0026.jpg,pharaoh_hound
data/raw/pharaoh_hound/0032.jpg,pharaoh_hound
data/raw/pharaoh_hound/0024.jpg,pharaoh_hound
data/raw/pharaoh_hound/0030.jpg,pharaoh_hound
data/raw/pharaoh_hound/0018.jpg,pharaoh_hound
data/raw/pharaoh_hound/0019.jpg,pharaoh_hound
data/raw/pharaoh_hound/0031.jpg,pharaoh_hound
data/raw/pharaoh_hound/0025.jpg,pharaoh_hound
data/raw/pharaoh_hound/0009.jpg,pharaoh_hound
data/raw/pharaoh_hound/0021.jpg,pharaoh_hound
data/raw/pharaoh_hound/0035.jpg,pharaoh_hound
data/raw/plott/0012.jpg,plott
data/raw/plott/0006.jpg,plott
data/raw/plott/0007.jpg,plott
data/raw/plott/0013.jpg,plott
data/raw/plott/0005.jpg,plott
data/raw/plott/0011.jpg,plott
data/raw/plott/0039.jpg,plott
data/raw/plott/0038.jpg,plott
data/raw/plott/0010.jpg,plott
data/raw/plott/0004.jpg,plott
data/raw/plott/0028.jpg,plott
data/raw/plott/0014.jpg,plott
data/raw/plott/0015.jpg,plott
data/raw/plott/0001.jpg,plott
data/raw/plott/0029.jpg,plott
data/raw/plott/0017.jpg,plott
data/raw/plott/0003.jpg,plott
data/raw/plott/0002.jpg,plott
data/raw/plott/0016.jpg,plott
data/raw/plott/0033.jpg,plott
data/raw/plott/0027.jpg,plott
data/raw/plott/0026.jpg,plott
data/raw/plott/0032.jpg,plott
data/raw/plott/0024.jpg,plott
data/raw/plott/0030.jpg,plott
data/raw/plott/0018.jpg,plott
data/raw/plott/0019.jpg,plott
data/raw/plott/0031.jpg,plott
data/raw/plott/0025.jpg,plott
data/raw/plott/0009.jpg,plott
data/raw/plott/0021.jpg,plott
data/raw/plott/0035.jpg,plott
data/raw/pointer/0012.jpg,pointer
data/raw/pointer/0006.jpg,pointer
data/raw/pointer/0007.jpg,pointer
data/raw/pointer/0013.jpg,pointer
data/raw/pointer/0005.jpg,pointer
data/raw/pointer/0011.jpg,pointer
data/raw/pointer/0039.jpg,pointer
data/raw/pointer/0038.jpg,pointer
data/raw/pointer/0010.jpg,pointer
data/raw/pointer/0004.jpg,pointer
data/raw/pointer/0028.jpg,pointer
data/raw/pointer/0014.jpg,pointer
data/raw/pointer/0015.jpg,pointer
data/raw/pointer/0001.jpg,pointer
data/raw/pointer/0029.jpg,pointer
data/raw/pointer/0017.jpg,pointer
data/raw/pointer/0003.jpg,pointer
data/raw/pointer/0002.jpg,pointer
data/raw/pointer/0016.jpg,pointer
data/raw/pointer/0033.jpg,pointer
data/raw/pointer/0027.jpg,pointer
data/raw/pointer/0026.jpg,pointer
data/raw/pointer/0032.jpg,pointer
data/raw/pointer/0024.jpg,pointer
data/raw/pointer/0030.jpg,pointer
data/raw/pointer/0018.jpg,pointer
data/raw/pointer/0019.jpg,pointer
data/raw/pointer/0031.jpg,pointer
data/raw/pointer/0025.jpg,pointer
data/raw/pointer/0009.jpg,pointer
data/raw/pointer/0021.jpg,pointer
data/raw/pointer/0035.jpg,pointer
data/raw/pomeranian/0012.jpg,pomeranian
data/raw/pomeranian/0006.jpg,pomeranian
data/raw/pomeranian/0007.jpg,pomeranian
data/raw/pomeranian/0013.jpg,pomeranian
data/raw/pomeranian/0005.jpg,pomeranian
data/raw/pomeranian/0011.jpg,pomeranian
data/raw/pomeranian/0039.jpg,pomeranian
data/raw/pomeranian/0038.jpg,pomeranian
data/raw/pomeranian/0010.jpg,pomeranian
data/raw/pomeranian/0004.jpg,pomeranian
data/raw/pomeranian/0028.jpg,pomeranian
data/raw/pomeranian/0014.jpg,pomeranian
data/raw/pomeranian/0015.jpg,pomeranian
data/raw/pomeranian/0001.jpg,pomeranian
data/raw/pomeranian/0029.jpg,pomeranian
data/raw/pomeranian/0017.jpg,pomeranian
data/raw/pomeranian/0003.jpg,pomeranian
data/raw/pomeranian/0002.jpg,pomeranian
data/raw/pomeranian/0016.jpg,pomeranian
data/raw/pomeranian/0033.jpg,pomeranian
data/raw/pomeranian/0027.jpg,pomeranian
data/raw/pomeranian/0026.jpg,pomeranian
data/raw/pomeranian/0032.jpg,pomeranian
data/raw/pomeranian/0024.jpg,pomeranian
data/raw/pomeranian/0030.jpg,pomeranian
data/raw/pomeranian/0018.jpg,pomeranian
data/raw/pomeranian/0019.jpg,pomeranian
data/raw/pomeranian/0031.jpg,pomeranian
data/raw/pomeranian/0025.jpg,pomeranian
data/raw/pomeranian/0009.jpg,pomeranian
data/raw/pomeranian/0021.jpg,pomeranian
data/raw/pomeranian/0035.jpg,pomeranian
data/raw/pug/0012.jpg,pug
data/raw/pug/0006.jpg,pug
data/raw/pug/0007.jpg,pug
data/raw/pug/0013.jpg,pug
data/raw/pug/0005.jpg,pug
data/raw/pug/0011.jpg,pug
data/raw/pug/0039.jpg,pug
data/raw/pug/0038.jpg,pug
data/raw/pug/0010.jpg,pug
data/raw/pug/0004.jpg,pug
data/raw/pug/0028.jpg,pug
data/raw/pug/0014.jpg,pug
data/raw/pug/0015.jpg,pug
data/raw/pug/0001.jpg,pug
data/raw/pug/0029.jpg,pug
data/raw/pug/0017.jpg,pug
data/raw/pug/0003.jpg,pug
data/raw/pug/0002.jpg,pug
data/raw/pug/0016.jpg,pug
data/raw/pug/0033.jpg,pug
data/raw/pug/0027.jpg,pug
data/raw/pug/0026.jpg,pug
data/raw/pug/0032.jpg,pug
data/raw/pug/0024.jpg,pug
data/raw/pug/0030.jpg,pug
data/raw/pug/0018.jpg,pug
data/raw/pug/0019.jpg,pug
data/raw/pug/0031.jpg,pug
data/raw/pug/0025.jpg,pug
data/raw/pug/0009.jpg,pug
data/raw/pug/0021.jpg,pug
data/raw/pug/0035.jpg,pug
data/raw/redbone_coonhound/0012.jpg,redbone_coonhound
data/raw/redbone_coonhound/0006.jpg,redbone_coonhound
data/raw/redbone_coonhound/0007.jpg,redbone_coonhound
data/raw/redbone_coonhound/0013.jpg,redbone_coonhound
data/raw/redbone_coonhound/0005.jpg,redbone_coonhound
data/raw/redbone_coonhound/0011.jpg,redbone_coonhound
data/raw/redbone_coonhound/0039.jpg,redbone_coonhound
data/raw/redbone_coonhound/0038.jpg,redbone_coonhound
data/raw/redbone_coonhound/0010.jpg,redbone_coonhound
data/raw/redbone_coonhound/0004.jpg,redbone_coonhound
data/raw/redbone_coonhound/0028.jpg,redbone_coonhound
data/raw/redbone_coonhound/0014.jpg,redbone_coonhound
data/raw/redbone_coonhound/0015.jpg,redbone_coonhound
data/raw/redbone_coonhound/0001.jpg,redbone_coonhound
data/raw/redbone_coonhound/0029.jpg,redbone_coonhound
data/raw/redbone_coonhound/0017.jpg,redbone_coonhound
data/raw/redbone_coonhound/0003.jpg,redbone_coonhound
data/raw/redbone_coonhound/0002.jpg,redbone_coonhound
data/raw/redbone_coonhound/0016.jpg,redbone_coonhound
data/raw/redbone_coonhound/0033.jpg,redbone_coonhound
data/raw/redbone_coonhound/0027.jpg,redbone_coonhound
data/raw/redbone_coonhound/0026.jpg,redbone_coonhound
data/raw/redbone_coonhound/0032.jpg,redbone_coonhound
data/raw/redbone_coonhound/0024.jpg,redbone_coonhound
data/raw/redbone_coonhound/0030.jpg,redbone_coonhound
data/raw/redbone_coonhound/0018.jpg,redbone_coonhound
data/raw/redbone_coonhound/0019.jpg,redbone_coonhound
data/raw/redbone_coonhound/0031.jpg,redbone_coonhound
data/raw/redbone_coonhound/0025.jpg,redbone_coonhound
data/raw/redbone_coonhound/0009.jpg,redbone_coonhound
data/raw/redbone_coonhound/0021.jpg,redbone_coonhound
data/raw/redbone_coonhound/0035.jpg,redbone_coonhound
data/raw/rhodesian_ridgeback/0012.jpg,rhodesian_ridgeback
data/raw/rhodesian_ridgeback/0006.jpg,rhodesian_ridgeback
data/raw/rhodesian_ridgeback/0007.jpg,rhodesian_ridgeback
data/raw/rhodesian_ridgeback/0013.jpg,rhodesian_ridgeback
data/raw/rhodesian_ridgeback/0005.jpg,rhodesian_ridgeback
data/raw/rhodesian_ridgeback/0011.jpg,rhodesian_ridgeback
data/raw/rhodesian_ridgeback/0039.jpg,rhodesian_ridgeback
data/raw/rhodesian_ridgeback/0038.jpg,rhodesian_ridgeback
data/raw/rhodesian_ridgeback/0010.jpg,rhodesian_ridgeback
data/raw/rhodesian_ridgeback/0004.jpg,rhodesian_ridgeback
data/raw/rhodesian_ridgeback/0028.jpg,rhodesian_ridgeback
data/raw/rhodesian_ridgeback/0014.jpg,rhodesian_ridgeback
data/raw/rhodesian_ridgeback/0015.jpg,rhodesian_ridgeback
data/raw/rhodesian_ridgeback/0001.jpg,rhodesian_ridgeback
data/raw/rhodesian_ridgeback/0029.jpg,rhodesian_ridgeback
data/raw/rhodesian_ridgeback/0017.jpg,rhodesian_ridgeback
data/raw/rhodesian_ridgeback/0003.jpg,rhodesian_ridgeback
data/raw/rhodesian_ridgeback/0002.jpg,rhodesian_ridgeback
data/raw/rhodesian_ridgeback/0016.jpg,rhodesian_ridgeback
data/raw/rhodesian_ridgeback/0033.jpg,rhodesian_ridgeback
data/raw/rhodesian_ridgeback/0027.jpg,rhodesian_ridgeback
data/raw/rhodesian_ridgeback/0026.jpg,rhodesian_ridgeback
data/raw/rhodesian_ridgeback/0032.jpg,rhodesian_ridgeback
data/raw/rhodesian_ridgeback/0024.jpg,rhodesian_ridgeback
data/raw/rhodesian_ridgeback/0030.jpg,rhodesian_ridgeback
data/raw/rhodesian_ridgeback/0018.jpg,rhodesian_ridgeback
data/raw/rhodesian_ridgeback/0019.jpg,rhodesian_ridgeback
data/raw/rhodesian_ridgeback/0031.jpg,rhodesian_ridgeback
data/raw/rhodesian_ridgeback/0025.jpg,rhodesian_ridgeback
data/raw/rhodesian_ridgeback/0009.jpg,rhodesian_ridgeback
data/raw/rhodesian_ridgeback/0021.jpg,rhodesian_ridgeback
data/raw/rhodesian_ridgeback/0035.jpg,rhodesian_ridgeback
data/raw/rottweiler/0012.jpg,rottweiler
data/raw/rottweiler/0006.jpg,rottweiler
data/raw/rottweiler/0007.jpg,rottweiler
data/raw/rottweiler/0013.jpg,rottweiler
data/raw/rottweiler/0005.jpg,rottweiler
data/raw/rottweiler/0011.jpg,rottweiler
data/raw/rottweiler/0039.jpg,rottweiler
data/raw/rottweiler/0038.jpg,rottweiler
data/raw/rottweiler/0010.jpg,rottweiler
data/raw/rottweiler/0004.jpg,rottweiler
data/raw/rottweiler/0028.jpg,rottweiler
data/raw/rottweiler/0014.jpg,rottweiler
data/raw/rottweiler/0015.jpg,rottweiler
data/raw/rottweiler/0001.jpg,rottweiler
data/raw/rottweiler/0029.jpg,rottweiler
data/raw/rottweiler/0017.jpg,rottweiler
data/raw/rottweiler/0003.jpg,rottweiler
data/raw/rottweiler/0002.jpg,rottweiler
data/raw/rottweiler/0016.jpg,rottweiler
data/raw/rottweiler/0033.jpg,rottweiler
data/raw/rottweiler/0027.jpg,rottweiler
data/raw/rottweiler/0026.jpg,rottweiler
data/raw/rottweiler/0032.jpg,rottweiler
data/raw/rottweiler/0024.jpg,rottweiler
data/raw/rottweiler/0030.jpg,rottweiler
data/raw/rottweiler/0018.jpg,rottweiler
data/raw/rottweiler/0019.jpg,rottweiler
data/raw/rottweiler/0031.jpg,rottweiler
data/raw/rottweiler/0025.jpg,rottweiler
data/raw/rottweiler/0009.jpg,rottweiler
data/raw/rottweiler/0021.jpg,rottweiler
data/raw/rottweiler/0035.jpg,rottweiler
data/raw/saint_bernard/0012.jpg,saint_bernard
data/raw/saint_bernard/0006.jpg,saint_bernard
data/raw/saint_bernard/0007.jpg,saint_bernard
data/raw/saint_bernard/0013.jpg,saint_bernard
data/raw/saint_bernard/0005.jpg,saint_bernard
data/raw/saint_bernard/0011.jpg,saint_bernard
data/raw/saint_bernard/0039.jpg,saint_bernard
data/raw/saint_bernard/0038.jpg,saint_bernard
data/raw/saint_bernard/0010.jpg,saint_bernard
data/raw/saint_bernard/0004.jpg,saint_bernard
data/raw/saint_bernard/0028.jpg,saint_bernard
data/raw/saint_bernard/0014.jpg,saint_bernard
data/raw/saint_bernard/0015.jpg,saint_bernard
data/raw/saint_bernard/0001.jpg,saint_bernard
data/raw/saint_bernard/0029.jpg,saint_bernard
data/raw/saint_bernard/0017.jpg,saint_bernard
data/raw/saint_bernard/0003.jpg,saint_bernard
data/raw/saint_bernard/0002.jpg,saint_bernard
data/raw/saint_bernard/0016.jpg,saint_bernard
data/raw/saint_bernard/0033.jpg,saint_bernard
data/raw/saint_bernard/0027.jpg,saint_bernard
data/raw/saint_bernard/0026.jpg,saint_bernard
data/raw/saint_bernard/0032.jpg,saint_bernard
data/raw/saint_bernard/0024.jpg,saint_bernard
data/raw/saint_bernard/0030.jpg,saint_bernard
data/raw/saint_bernard/0018.jpg,saint_bernard
data/raw/saint_bernard/0019.jpg,saint_bernard
data/raw/saint_bernard/0031.jpg,saint_bernard
data/raw/saint_bernard/0025.jpg,saint_bernard
data/raw/saint_bernard/0009.jpg,saint_bernard
data/raw/saint_bernard/0021.jpg,saint_bernard
data/raw/saint_bernard/0035.jpg,saint_bernard
data/raw/saluki/0012.jpg,saluki
data/raw/saluki/0006.jpg,saluki
data/raw/saluki/0007.jpg,saluki
data/raw/saluki/0013.jpg,saluki
data/raw/saluki/0005.jpg,saluki
data/raw/saluki/0011.jpg,saluki
data/raw/saluki/0039.jpg,saluki
data/raw/saluki/0038.jpg,saluki
data/raw/saluki/0004.jpg,saluki
data/raw/saluki/0028.jpg,saluki
data/raw/saluki/0014.jpg,saluki
data/raw/saluki/0015.jpg,saluki
data/raw/saluki/0001.jpg,saluki
data/raw/saluki/0029.jpg,saluki
data/raw/saluki/0017.jpg,saluki
data/raw/saluki/0003.jpg,saluki
data/raw/saluki/0002.jpg,saluki
data/raw/saluki/0016.jpg,saluki
data/raw/saluki/0033.jpg,saluki
data/raw/saluki/0027.jpg,saluki
data/raw/saluki/0026.jpg,saluki
data/raw/saluki/0032.jpg,saluki
data/raw/saluki/0024.jpg,saluki
data/raw/saluki/0030.jpg,saluki
data/raw/saluki/0018.jpg,saluki
data/raw/saluki/0019.jpg,saluki
data/raw/saluki/0031.jpg,saluki
data/raw/saluki/0025.jpg,saluki
data/raw/saluki/0009.jpg,saluki
data/raw/saluki/0021.jpg,saluki
data/raw/saluki/0035.jpg,saluki
data/raw/samoyed/0012.jpg,samoyed
data/raw/samoyed/0006.jpg,samoyed
data/raw/samoyed/0007.jpg,samoyed
data/raw/samoyed/0013.jpg,samoyed
data/raw/samoyed/0005.jpg,samoyed
data/raw/samoyed/0011.jpg,samoyed
data/raw/samoyed/0039.jpg,samoyed
data/raw/samoyed/0038.jpg,samoyed
data/raw/samoyed/0010.jpg,samoyed
data/raw/samoyed/0004.jpg,samoyed
data/raw/samoyed/0028.jpg,samoyed
data/raw/samoyed/0014.jpg,samoyed
data/raw/samoyed/0015.jpg,samoyed
data/raw/samoyed/0001.jpg,samoyed
data/raw/samoyed/0029.jpg,samoyed
data/raw/samoyed/0017.jpg,samoyed
data/raw/samoyed/0003.jpg,samoyed
data/raw/samoyed/0002.jpg,samoyed
data/raw/samoyed/0016.jpg,samoyed
data/raw/samoyed/0033.jpg,samoyed
data/raw/samoyed/0027.jpg,samoyed
data/raw/samoyed/0026.jpg,samoyed
data/raw/samoyed/0032.jpg,samoyed
data/raw/samoyed/0024.jpg,samoyed
data/raw/samoyed/0030.jpg,samoyed
data/raw/samoyed/0018.jpg,samoyed
data/raw/samoyed/0019.jpg,samoyed
data/raw/samoyed/0031.jpg,samoyed
data/raw/samoyed/0025.jpg,samoyed
data/raw/samoyed/0009.jpg,samoyed
data/raw/samoyed/0021.jpg,samoyed
data/raw/samoyed/0035.jpg,samoyed
data/raw/schipperke/0012.jpg,schipperke
data/raw/schipperke/0006.jpg,schipperke
data/raw/schipperke/0007.jpg,schipperke
data/raw/schipperke/0013.jpg,schipperke
data/raw/schipperke/0005.jpg,schipperke
data/raw/schipperke/0011.jpg,schipperke
data/raw/schipperke/0039.jpg,schipperke
data/raw/schipperke/0038.jpg,schipperke
data/raw/schipperke/0010.jpg,schipperke
data/raw/schipperke/0004.jpg,schipperke
data/raw/schipperke/0028.jpg,schipperke
data/raw/schipperke/0014.jpg,schipperke
data/raw/schipperke/0015.jpg,schipperke
data/raw/schipperke/0001.jpg,schipperke
data/raw/schipperke/0029.jpg,schipperke
data/raw/schipperke/0017.jpg,schipperke
data/raw/schipperke/0003.jpg,schipperke
data/raw/schipperke/0002.jpg,schipperke
data/raw/schipperke/0016.jpg,schipperke
data/raw/schipperke/0033.jpg,schipperke
data/raw/schipperke/0027.jpg,schipperke
data/raw/schipperke/0026.jpg,schipperke
data/raw/schipperke/0032.jpg,schipperke
data/raw/schipperke/0024.jpg,schipperke
data/raw/schipperke/0030.jpg,schipperke
data/raw/schipperke/0018.jpg,schipperke
data/raw/schipperke/0019.jpg,schipperke
data/raw/schipperke/0031.jpg,schipperke
data/raw/schipperke/0025.jpg,schipperke
data/raw/schipperke/0009.jpg,schipperke
data/raw/schipperke/0021.jpg,schipperke
data/raw/schipperke/0035.jpg,schipperke
data/raw/scotch_terrier/0012.jpg,scotch_terrier
data/raw/scotch_terrier/0006.jpg,scotch_terrier
data/raw/scotch_terrier/0007.jpg,scotch_terrier
data/raw/scotch_terrier/0013.jpg,scotch_terrier
data/raw/scotch_terrier/0011.jpg,scotch_terrier
data/raw/scotch_terrier/0039.jpg,scotch_terrier
data/raw/scotch_terrier/0038.jpg,scotch_terrier
data/raw/scotch_terrier/0010.jpg,scotch_terrier
data/raw/scotch_terrier/0004.jpg,scotch_terrier
data/raw/scotch_terrier/0028.jpg,scotch_terrier
data/raw/scotch_terrier/0014.jpg,scotch_terrier
data/raw/scotch_terrier/0015.jpg,scotch_terrier
data/raw/scotch_terrier/0001.jpg,scotch_terrier
data/raw/scotch_terrier/0029.jpg,scotch_terrier
data/raw/scotch_terrier/0017.jpg,scotch_terrier
data/raw/scotch_terrier/0003.jpg,scotch_terrier
data/raw/scotch_terrier/0002.jpg,scotch_terrier
data/raw/scotch_terrier/0016.jpg,scotch_terrier
data/raw/scotch_terrier/0033.jpg,scotch_terrier
data/raw/scotch_terrier/0027.jpg,scotch_terrier
data/raw/scotch_terrier/0026.jpg,scotch_terrier
data/raw/scotch_terrier/0032.jpg,scotch_terrier
data/raw/scotch_terrier/0024.jpg,scotch_terrier
data/raw/scotch_terrier/0030.jpg,scotch_terrier
data/raw/scotch_terrier/0018.jpg,scotch_terrier
data/raw/scotch_terrier/0019.jpg,scotch_terrier
data/raw/scotch_terrier/0031.jpg,scotch_terrier
data/raw/scotch_terrier/0025.jpg,scotch_terrier
data/raw/scotch_terrier/0009.jpg,scotch_terrier
data/raw/scotch_terrier/0021.jpg,scotch_terrier
data/raw/scotch_terrier/0035.jpg,scotch_terrier
data/raw/scottish_deerhound/0012.jpg,scottish_deerhound
data/raw/scottish_deerhound/0006.jpg,scottish_deerhound
data/raw/scottish_deerhound/0007.jpg,scottish_deerhound
data/raw/scottish_deerhound/0013.jpg,scottish_deerhound
data/raw/scottish_deerhound/0005.jpg,scottish_deerhound
data/raw/scottish_deerhound/0011.jpg,scottish_deerhound
data/raw/scottish_deerhound/0039.jpg,scottish_deerhound
data/raw/scottish_deerhound/0038.jpg,scottish_deerhound
data/raw/scottish_deerhound/0010.jpg,scottish_deerhound
data/raw/scottish_deerhound/0004.jpg,scottish_deerhound
data/raw/scottish_deerhound/0028.jpg,scottish_deerhound
data/raw/scottish_deerhound/0014.jpg,scottish_deerhound
data/raw/scottish_deerhound/0015.jpg,scottish_deerhound
data/raw/scottish_deerhound/0001.jpg,scottish_deerhound
data/raw/scottish_deerhound/0029.jpg,scottish_deerhound
data/raw/scottish_deerhound/0017.jpg,scottish_deerhound
data/raw/scottish_deerhound/0003.jpg,scottish_deerhound
data/raw/scottish_deerhound/0002.jpg,scottish_deerhound
data/raw/scottish_deerhound/0016.jpg,scottish_deerhound
data/raw/scottish_deerhound/0033.jpg,scottish_deerhound
data/raw/scottish_deerhound/0027.jpg,scottish_deerhound
data/raw/scottish_deerhound/0026.jpg,scottish_deerhound
data/raw/scottish_deerhound/0032.jpg,scottish_deerhound
data/raw/scottish_deerhound/0024.jpg,scottish_deerhound
data/raw/scottish_deerhound/0030.jpg,scottish_deerhound
data/raw/scottish_deerhound/0018.jpg,scottish_deerhound
data/raw/scottish_deerhound/0019.jpg,scottish_deerhound
data/raw/scottish_deerhound/0031.jpg,scottish_deerhound
data/raw/scottish_deerhound/0009.jpg,scottish_deerhound
data/raw/scottish_deerhound/0021.jpg,scottish_deerhound
data/raw/scottish_deerhound/0035.jpg,scottish_deerhound
data/raw/sealyham_terrier/0012.jpg,sealyham_terrier
data/raw/sealyham_terrier/0006.jpg,sealyham_terrier
data/raw/sealyham_terrier/0007.jpg,sealyham_terrier
data/raw/sealyham_terrier/0013.jpg,sealyham_terrier
data/raw/sealyham_terrier/0005.jpg,sealyham_terrier
data/raw/sealyham_terrier/0011.jpg,sealyham_terrier
data/raw/sealyham_terrier/0039.jpg,sealyham_terrier
data/raw/sealyham_terrier/0038.jpg,sealyham_terrier
data/raw/sealyham_terrier/0010.jpg,sealyham_terrier
data/raw/sealyham_terrier/0004.jpg,sealyham_terrier
data/raw/sealyham_terrier/0028.jpg,sealyham_terrier
data/raw/sealyham_terrier/0014.jpg,sealyham_terrier
data/raw/sealyham_terrier/0015.jpg,sealyham_terrier
data/raw/sealyham_terrier/0001.jpg,sealyham_terrier
data/raw/sealyham_terrier/0029.jpg,sealyham_terrier
data/raw/sealyham_terrier/0017.jpg,sealyham_terrier
data/raw/sealyham_terrier/0003.jpg,sealyham_terrier
data/raw/sealyham_terrier/0002.jpg,sealyham_terrier
data/raw/sealyham_terrier/0016.jpg,sealyham_terrier
data/raw/sealyham_terrier/0033.jpg,sealyham_terrier
data/raw/sealyham_terrier/0027.jpg,sealyham_terrier
data/raw/sealyham_terrier/0026.jpg,sealyham_terrier
data/raw/sealyham_terrier/0032.jpg,sealyham_terrier
data/raw/sealyham_terrier/0024.jpg,sealyham_terrier
data/raw/sealyham_terrier/0030.jpg,sealyham_terrier
data/raw/sealyham_terrier/0018.jpg,sealyham_terrier
data/raw/sealyham_terrier/0019.jpg,sealyham_terrier
data/raw/sealyham_terrier/0031.jpg,sealyham_terrier
data/raw/sealyham_terrier/0025.jpg,sealyham_terrier
data/raw/sealyham_terrier/0009.jpg,sealyham_terrier
data/raw/sealyham_terrier/0021.jpg,sealyham_terrier
data/raw/sealyham_terrier/0035.jpg,sealyham_terrier
data/raw/shetland_sheepdog/0012.jpg,shetland_sheepdog
data/raw/shetland_sheepdog/0006.jpg,shetland_sheepdog
data/raw/shetland_sheepdog/0007.jpg,shetland_sheepdog
data/raw/shetland_sheepdog/0013.jpg,shetland_sheepdog
data/raw/shetland_sheepdog/0005.jpg,shetland_sheepdog
data/raw/shetland_sheepdog/0011.jpg,shetland_sheepdog
data/raw/shetland_sheepdog/0039.jpg,shetland_sheepdog
data/raw/shetland_sheepdog/0038.jpg,shetland_sheepdog
data/raw/shetland_sheepdog/0010.jpg,shetland_sheepdog
data/raw/shetland_sheepdog/0004.jpg,shetland_sheepdog
data/raw/shetland_sheepdog/0028.jpg,shetland_sheepdog
data/raw/shetland_sheepdog/0014.jpg,shetland_sheepdog
data/raw/shetland_sheepdog/0015.jpg,shetland_sheepdog
data/raw/shetland_sheepdog/0001.jpg,shetland_sheepdog
data/raw/shetland_sheepdog/0029.jpg,shetland_sheepdog
data/raw/shetland_sheepdog/0017.jpg,shetland_sheepdog
data/raw/shetland_sheepdog/0003.jpg,shetland_sheepdog
data/raw/shetland_sheepdog/0002.jpg,shetland_sheepdog
data/raw/shetland_sheepdog/0016.jpg,shetland_sheepdog
data/raw/shetland_sheepdog/0033.jpg,shetland_sheepdog
data/raw/shetland_sheepdog/0027.jpg,shetland_sheepdog
data/raw/shetland_sheepdog/0026.jpg,shetland_sheepdog
data/raw/shetland_sheepdog/0032.jpg,shetland_sheepdog
data/raw/shetland_sheepdog/0024.jpg,shetland_sheepdog
data/raw/shetland_sheepdog/0030.jpg,shetland_sheepdog
data/raw/shetland_sheepdog/0018.jpg,shetland_sheepdog
data/raw/shetland_sheepdog/0019.jpg,shetland_sheepdog
data/raw/shetland_sheepdog/0031.jpg,shetland_sheepdog
data/raw/shetland_sheepdog/0025.jpg,shetland_sheepdog
data/raw/shetland_sheepdog/0009.jpg,shetland_sheepdog
data/raw/shetland_sheepdog/0021.jpg,shetland_sheepdog
data/raw/shetland_sheepdog/0035.jpg,shetland_sheepdog
data/raw/shih_tzu/0012.jpg,shih_tzu
data/raw/shih_tzu/0006.jpg,shih_tzu
data/raw/shih_tzu/0007.jpg,shih_tzu
data/raw/shih_tzu/0013.jpg,shih_tzu
data/raw/shih_tzu/0005.jpg,shih_tzu
data/raw/shih_tzu/0011.jpg,shih_tzu
data/raw/shih_tzu/0039.jpg,shih_tzu
data/raw/shih_tzu/0038.jpg,shih_tzu
data/raw/shih_tzu/0010.jpg,shih_tzu
data/raw/shih_tzu/0004.jpg,shih_tzu
data/raw/shih_tzu/0028.jpg,shih_tzu
data/raw/shih_tzu/0014.jpg,shih_tzu
data/raw/shih_tzu/0015.jpg,shih_tzu
data/raw/shih_tzu/0001.jpg,shih_tzu
data/raw/shih_tzu/0029.jpg,shih_tzu
data/raw/shih_tzu/0017.jpg,shih_tzu
data/raw/shih_tzu/0003.jpg,shih_tzu
data/raw/shih_tzu/0002.jpg,shih_tzu
data/raw/shih_tzu/0016.jpg,shih_tzu
data/raw/shih_tzu/0033.jpg,shih_tzu
data/raw/shih_tzu/0027.jpg,shih_tzu
data/raw/shih_tzu/0026.jpg,shih_tzu
data/raw/shih_tzu/0032.jpg,shih_tzu
data/raw/shih_tzu/0024.jpg,shih_tzu
data/raw/shih_tzu/0030.jpg,shih_tzu
data/raw/shih_tzu/0018.jpg,shih_tzu
data/raw/shih_tzu/0019.jpg,shih_tzu
data/raw/shih_tzu/0031.jpg,shih_tzu
data/raw/shih_tzu/0025.jpg,shih_tzu
data/raw/shih_tzu/0009.jpg,shih_tzu
data/raw/shih_tzu/0021.jpg,shih_tzu
data/raw/shih_tzu/0035.jpg,shih_tzu
data/raw/siberian_husky/0012.jpg,siberian_husky
data/raw/siberian_husky/0006.jpg,siberian_husky
data/raw/siberian_husky/0007.jpg,siberian_husky
data/raw/siberian_husky/0013.jpg,siberian_husky
data/raw/siberian_husky/0005.jpg,siberian_husky
data/raw/siberian_husky/0011.jpg,siberian_husky
data/raw/siberian_husky/0039.jpg,siberian_husky
data/raw/siberian_husky/0038.jpg,siberian_husky
data/raw/siberian_husky/0010.jpg,siberian_husky
data/raw/siberian_husky/0004.jpg,siberian_husky
data/raw/siberian_husky/0028.jpg,siberian_husky
data/raw/siberian_husky/0014.jpg,siberian_husky
data/raw/siberian_husky/0015.jpg,siberian_husky
data/raw/siberian_husky/0001.jpg,siberian_husky
data/raw/siberian_husky/0029.jpg,siberian_husky
data/raw/siberian_husky/0017.jpg,siberian_husky
data/raw/siberian_husky/0003.jpg,siberian_husky
data/raw/siberian_husky/0002.jpg,siberian_husky
data/raw/siberian_husky/0016.jpg,siberian_husky
data/raw/siberian_husky/0033.jpg,siberian_husky
data/raw/siberian_husky/0027.jpg,siberian_husky
data/raw/siberian_husky/0026.jpg,siberian_husky
data/raw/siberian_husky/0032.jpg,siberian_husky
data/raw/siberian_husky/0024.jpg,siberian_husky
data/raw/siberian_husky/0030.jpg,siberian_husky
data/raw/siberian_husky/0018.jpg,siberian_husky
data/raw/siberian_husky/0019.jpg,siberian_husky
data/raw/siberian_husky/0031.jpg,siberian_husky
data/raw/siberian_husky/0025.jpg,siberian_husky
data/raw/siberian_husky/0021.jpg,siberian_husky
data/raw/siberian_husky/0035.jpg,siberian_husky
data/raw/silky_terrier/0012.jpg,silky_terrier
data/raw/silky_terrier/0006.jpg,silky_terrier
data/raw/silky_terrier/0007.jpg,silky_terrier
data/raw/silky_terrier/0013.jpg,silky_terrier
data/raw/silky_terrier/0005.jpg,silky_terrier
data/raw/silky_terrier/0011.jpg,silky_terrier
data/raw/silky_terrier/0039.jpg,silky_terrier
data/raw/silky_terrier/0038.jpg,silky_terrier
data/raw/silky_terrier/0010.jpg,silky_terrier
data/raw/silky_terrier/0004.jpg,silky_terrier
data/raw/silky_terrier/0028.jpg,silky_terrier
data/raw/silky_terrier/0014.jpg,silky_terrier
data/raw/silky_terrier/0015.jpg,silky_terrier
data/raw/silky_terrier/0001.jpg,silky_terrier
data/raw/silky_terrier/0029.jpg,silky_terrier
data/raw/silky_terrier/0017.jpg,silky_terrier
data/raw/silky_terrier/0003.jpg,silky_terrier
data/raw/silky_terrier/0002.jpg,silky_terrier
data/raw/silky_terrier/0016.jpg,silky_terrier
data/raw/silky_terrier/0033.jpg,silky_terrier
data/raw/silky_terrier/0027.jpg,silky_terrier
data/raw/silky_terrier/0026.jpg,silky_terrier
data/raw/silky_terrier/0032.jpg,silky_terrier
data/raw/silky_terrier/0024.jpg,silky_terrier
data/raw/silky_terrier/0030.jpg,silky_terrier
data/raw/silky_terrier/0018.jpg,silky_terrier
data/raw/silky_terrier/0019.jpg,silky_terrier
data/raw/silky_terrier/0031.jpg,silky_terrier
data/raw/silky_terrier/0025.jpg,silky_terrier
data/raw/silky_terrier/0009.jpg,silky_terrier
data/raw/silky_terrier/0021.jpg,silky_terrier
data/raw/silky_terrier/0035.jpg,silky_terrier
data/raw/soft_coated_wheaten_terrier/0012.jpg,soft_coated_wheaten_terrier
data/raw/soft_coated_wheaten_terrier/0006.jpg,soft_coated_wheaten_terrier
data/raw/soft_coated_wheaten_terrier/0007.jpg,soft_coated_wheaten_terrier
data/raw/soft_coated_wheaten_terrier/0013.jpg,soft_coated_wheaten_terrier
data/raw/soft_coated_wheaten_terrier/0005.jpg,soft_coated_wheaten_terrier
data/raw/soft_coated_wheaten_terrier/0011.jpg,soft_coated_wheaten_terrier
data/raw/soft_coated_wheaten_terrier/0039.jpg,soft_coated_wheaten_terrier
data/raw/soft_coated_wheaten_terrier/0038.jpg,soft_coated_wheaten_terrier
data/raw/soft_coated_wheaten_terrier/0010.jpg,soft_coated_wheaten_terrier
data/raw/soft_coated_wheaten_terrier/0004.jpg,soft_coated_wheaten_terrier
data/raw/soft_coated_wheaten_terrier/0028.jpg,soft_coated_wheaten_terrier
data/raw/soft_coated_wheaten_terrier/0014.jpg,soft_coated_wheaten_terrier
data/raw/soft_coated_wheaten_terrier/0015.jpg,soft_coated_wheaten_terrier
data/raw/soft_coated_wheaten_terrier/0001.jpg,soft_coated_wheaten_terrier
data/raw/soft_coated_wheaten_terrier/0029.jpg,soft_coated_wheaten_terrier
data/raw/soft_coated_wheaten_terrier/0017.jpg,soft_coated_wheaten_terrier
data/raw/soft_coated_wheaten_terrier/0003.jpg,soft_coated_wheaten_terrier
data/raw/soft_coated_wheaten_terrier/0002.jpg,soft_coated_wheaten_terrier
data/raw/soft_coated_wheaten_terrier/0016.jpg,soft_coated_wheaten_terrier
data/raw/soft_coated_wheaten_terrier/0033.jpg,soft_coated_wheaten_terrier
data/raw/soft_coated_wheaten_terrier/0027.jpg,soft_coated_wheaten_terrier
data/raw/soft_coated_wheaten_terrier/0026.jpg,soft_coated_wheaten_terrier
data/raw/soft_coated_wheaten_terrier/0032.jpg,soft_coated_wheaten_terrier
data/raw/soft_coated_wheaten_terrier/0024.jpg,soft_coated_wheaten_terrier
data/raw/soft_coated_wheaten_terrier/0030.jpg,soft_coated_wheaten_terrier
data/raw/soft_coated_wheaten_terrier/0018.jpg,soft_coated_wheaten_terrier
data/raw/soft_coated_wheaten_terrier/0019.jpg,soft_coated_wheaten_terrier
data/raw/soft_coated_wheaten_terrier/0031.jpg,soft_coated_wheaten_terrier
data/raw/soft_coated_wheaten_terrier/0025.jpg,soft_coated_wheaten_terrier
data/raw/soft_coated_wheaten_terrier/0009.jpg,soft_coated_wheaten_terrier
data/raw/soft_coated_wheaten_terrier/0021.jpg,soft_coated_wheaten_terrier
data/raw/soft_coated_wheaten_terrier/0035.jpg,soft_coated_wheaten_terrier
data/raw/staffordshire_bullterrier/0012.jpg,staffordshire_bullterrier
data/raw/staffordshire_bullterrier/0006.jpg,staffordshire_bullterrier
data/raw/staffordshire_bullterrier/0007.jpg,staffordshire_bullterrier
data/raw/staffordshire_bullterrier/0013.jpg,staffordshire_bullterrier
data/raw/staffordshire_bullterrier/0005.jpg,staffordshire_bullterrier
data/raw/staffordshire_bullterrier/0011.jpg,staffordshire_bullterrier
data/raw/staffordshire_bullterrier/0039.jpg,staffordshire_bullterrier
data/raw/staffordshire_bullterrier/0038.jpg,staffordshire_bullterrier
data/raw/staffordshire_bullterrier/0010.jpg,staffordshire_bullterrier
data/raw/staffordshire_bullterrier/0004.jpg,staffordshire_bullterrier
data/raw/staffordshire_bullterrier/0028.jpg,staffordshire_bullterrier
data/raw/staffordshire_bullterrier/0014.jpg,staffordshire_bullterrier
data/raw/staffordshire_bullterrier/0015.jpg,staffordshire_bullterrier
data/raw/staffordshire_bullterrier/0001.jpg,staffordshire_bullterrier
data/raw/staffordshire_bullterrier/0029.jpg,staffordshire_bullterrier
data/raw/staffordshire_bullterrier/0017.jpg,staffordshire_bullterrier
data/raw/staffordshire_bullterrier/0003.jpg,staffordshire_bullterrier
data/raw/staffordshire_bullterrier/0002.jpg,staffordshire_bullterrier
data/raw/staffordshire_bullterrier/0016.jpg,staffordshire_bullterrier
data/raw/staffordshire_bullterrier/0033.jpg,staffordshire_bullterrier
data/raw/staffordshire_bullterrier/0027.jpg,staffordshire_bullterrier
data/raw/staffordshire_bullterrier/0026.jpg,staffordshire_bullterrier
data/raw/staffordshire_bullterrier/0032.jpg,staffordshire_bullterrier
data/raw/staffordshire_bullterrier/0024.jpg,staffordshire_bullterrier
data/raw/staffordshire_bullterrier/0030.jpg,staffordshire_bullterrier
data/raw/staffordshire_bullterrier/0018.jpg,staffordshire_bullterrier
data/raw/staffordshire_bullterrier/0019.jpg,staffordshire_bullterrier
data/raw/staffordshire_bullterrier/0031.jpg,staffordshire_bullterrier
data/raw/staffordshire_bullterrier/0025.jpg,staffordshire_bullterrier
data/raw/staffordshire_bullterrier/0009.jpg,staffordshire_bullterrier
data/raw/staffordshire_bullterrier/0021.jpg,staffordshire_bullterrier
data/raw/staffordshire_bullterrier/0035.jpg,staffordshire_bullterrier
data/raw/standard_poodle/0012.jpg,standard_poodle
data/raw/standard_poodle/0006.jpg,standard_poodle
data/raw/standard_poodle/0007.jpg,standard_poodle
data/raw/standard_poodle/0013.jpg,standard_poodle
data/raw/standard_poodle/0005.jpg,standard_poodle
data/raw/standard_poodle/0011.jpg,standard_poodle
data/raw/standard_poodle/0039.jpg,standard_poodle
data/raw/standard_poodle/0038.jpg,standard_poodle
data/raw/standard_poodle/0010.jpg,standard_poodle
data/raw/standard_poodle/0004.jpg,standard_poodle
data/raw/standard_poodle/0028.jpg,standard_poodle
data/raw/standard_poodle/0014.jpg,standard_poodle
data/raw/standard_poodle/0015.jpg,standard_poodle
data/raw/standard_poodle/0001.jpg,standard_poodle
data/raw/standard_poodle/0029.jpg,standard_poodle
data/raw/standard_poodle/0017.jpg,standard_poodle
data/raw/standard_poodle/0003.jpg,standard_poodle
data/raw/standard_poodle/0002.jpg,standard_poodle
data/raw/standard_poodle/0016.jpg,standard_poodle
data/raw/standard_poodle/0033.jpg,standard_poodle
data/raw/standard_poodle/0027.jpg,standard_poodle
data/raw/standard_poodle/0026.jpg,standard_poodle
data/raw/standard_poodle/0032.jpg,standard_poodle
data/raw/standard_poodle/0024.jpg,standard_poodle
data/raw/standard_poodle/0030.jpg,standard_poodle
data/raw/standard_poodle/0018.jpg,standard_poodle
data/raw/standard_poodle/0019.jpg,standard_poodle
data/raw/standard_poodle/0031.jpg,standard_poodle
data/raw/standard_poodle/0025.jpg,standard_poodle
data/raw/standard_poodle/0009.jpg,standard_poodle
data/raw/standard_poodle/0021.jpg,standard_poodle
data/raw/standard_poodle/0035.jpg,standard_poodle
data/raw/standard_schnauzer/0012.jpg,standard_schnauzer
data/raw/standard_schnauzer/0006.jpg,standard_schnauzer
data/raw/standard_schnauzer/0007.jpg,standard_schnauzer
data/raw/standard_schnauzer/0013.jpg,standard_schnauzer
data/raw/standard_schnauzer/0005.jpg,standard_schnauzer
data/raw/standard_schnauzer/0011.jpg,standard_schnauzer
data/raw/standard_schnauzer/0039.jpg,standard_schnauzer
data/raw/standard_schnauzer/0038.jpg,standard_schnauzer
data/raw/standard_schnauzer/0010.jpg,standard_schnauzer
data/raw/standard_schnauzer/0004.jpg,standard_schnauzer
data/raw/standard_schnauzer/0028.jpg,standard_schnauzer
data/raw/standard_schnauzer/0014.jpg,standard_schnauzer
data/raw/standard_schnauzer/0015.jpg,standard_schnauzer
data/raw/standard_schnauzer/0001.jpg,standard_schnauzer
data/raw/standard_schnauzer/0029.jpg,standard_schnauzer
data/raw/standard_schnauzer/0017.jpg,standard_schnauzer
data/raw/standard_schnauzer/0003.jpg,standard_schnauzer
data/raw/standard_schnauzer/0002.jpg,standard_schnauzer
data/raw/standard_schnauzer/0016.jpg,standard_schnauzer
data/raw/standard_schnauzer/0033.jpg,standard_schnauzer
data/raw/standard_schnauzer/0027.jpg,standard_schnauzer
data/raw/standard_schnauzer/0026.jpg,standard_schnauzer
data/raw/standard_schnauzer/0032.jpg,standard_schnauzer
data/raw/standard_schnauzer/0024.jpg,standard_schnauzer
data/raw/standard_schnauzer/0030.jpg,standard_schnauzer
data/raw/standard_schnauzer/0018.jpg,standard_schnauzer
data/raw/standard_schnauzer/0019.jpg,standard_schnauzer
data/raw/standard_schnauzer/0031.jpg,standard_schnauzer
data/raw/standard_schnauzer/0025.jpg,standard_schnauzer
data/raw/standard_schnauzer/0009.jpg,standard_schnauzer
data/raw/standard_schnauzer/0021.jpg,standard_schnauzer
data/raw/standard_schnauzer/0035.jpg,standard_schnauzer
data/raw/sussex_spaniel/0012.jpg,sussex_spaniel
data/raw/sussex_spaniel/0006.jpg,sussex_spaniel
data/raw/sussex_spaniel/0007.jpg,sussex_spaniel
data/raw/sussex_spaniel/0013.jpg,sussex_spaniel
data/raw/sussex_spaniel/0005.jpg,sussex_spaniel
data/raw/sussex_spaniel/0011.jpg,sussex_spaniel
data/raw/sussex_spaniel/0039.jpg,sussex_spaniel
data/raw/sussex_spaniel/0038.jpg,sussex_spaniel
data/raw/sussex_spaniel/0010.jpg,sussex_spaniel
data/raw/sussex_spaniel/0004.jpg,sussex_spaniel
data/raw/sussex_spaniel/0028.jpg,sussex_spaniel
data/raw/sussex_spaniel/0014.jpg,sussex_spaniel
data/raw/sussex_spaniel/0015.jpg,sussex_spaniel
data/raw/sussex_spaniel/0001.jpg,sussex_spaniel
data/raw/sussex_spaniel/0029.jpg,sussex_spaniel
data/raw/sussex_spaniel/0017.jpg,sussex_spaniel
data/raw/sussex_spaniel/0003.jpg,sussex_spaniel
data/raw/sussex_spaniel/0002.jpg,sussex_spaniel
data/raw/sussex_spaniel/0016.jpg,sussex_spaniel
data/raw/sussex_spaniel/0033.jpg,sussex_spaniel
data/raw/sussex_spaniel/0027.jpg,sussex_spaniel
data/raw/sussex_spaniel/0026.jpg,sussex_spaniel
data/raw/sussex_spaniel/0032.jpg,sussex_spaniel
data/raw/sussex_spaniel/0024.jpg,sussex_spaniel
data/raw/sussex_spaniel/0030.jpg,sussex_spaniel
data/raw/sussex_spaniel/0018.jpg,sussex_spaniel
data/raw/sussex_spaniel/0019.jpg,sussex_spaniel
data/raw/sussex_spaniel/0031.jpg,sussex_spaniel
data/raw/sussex_spaniel/0025.jpg,sussex_spaniel
data/raw/sussex_spaniel/0009.jpg,sussex_spaniel
data/raw/sussex_spaniel/0021.jpg,sussex_spaniel
data/raw/sussex_spaniel/0035.jpg,sussex_spaniel
data/raw/tibetan_mastiff/0012.jpg,tibetan_mastiff
data/raw/tibetan_mastiff/0006.jpg,tibetan_mastiff
data/raw/tibetan_mastiff/0007.jpg,tibetan_mastiff
data/raw/tibetan_mastiff/0013.jpg,tibetan_mastiff
data/raw/tibetan_mastiff/0005.jpg,tibetan_mastiff
data/raw/tibetan_mastiff/0011.jpg,tibetan_mastiff
data/raw/tibetan_mastiff/0039.jpg,tibetan_mastiff
data/raw/tibetan_mastiff/0038.jpg,tibetan_mastiff
data/raw/tibetan_mastiff/0010.jpg,tibetan_mastiff
data/raw/tibetan_mastiff/0004.jpg,tibetan_mastiff
data/raw/tibetan_mastiff/0028.jpg,tibetan_mastiff
data/raw/tibetan_mastiff/0014.jpg,tibetan_mastiff
data/raw/tibetan_mastiff/0015.jpg,tibetan_mastiff
data/raw/tibetan_mastiff/0001.jpg,tibetan_mastiff
data/raw/tibetan_mastiff/0029.jpg,tibetan_mastiff
data/raw/tibetan_mastiff/0017.jpg,tibetan_mastiff
data/raw/tibetan_mastiff/0003.jpg,tibetan_mastiff
data/raw/tibetan_mastiff/0002.jpg,tibetan_mastiff
data/raw/tibetan_mastiff/0016.jpg,tibetan_mastiff
data/raw/tibetan_mastiff/0033.jpg,tibetan_mastiff
data/raw/tibetan_mastiff/0027.jpg,tibetan_mastiff
data/raw/tibetan_mastiff/0026.jpg,tibetan_mastiff
data/raw/tibetan_mastiff/0032.jpg,tibetan_mastiff
data/raw/tibetan_mastiff/0024.jpg,tibetan_mastiff
data/raw/tibetan_mastiff/0030.jpg,tibetan_mastiff
data/raw/tibetan_mastiff/0018.jpg,tibetan_mastiff
data/raw/tibetan_mastiff/0019.jpg,tibetan_mastiff
data/raw/tibetan_mastiff/0031.jpg,tibetan_mastiff
data/raw/tibetan_mastiff/0025.jpg,tibetan_mastiff
data/raw/tibetan_mastiff/0009.jpg,tibetan_mastiff
data/raw/tibetan_mastiff/0021.jpg,tibetan_mastiff
data/raw/tibetan_mastiff/0035.jpg,tibetan_mastiff
data/raw/tibetan_terrier/0012.jpg,tibetan_terrier
data/raw/tibetan_terrier/0006.jpg,tibetan_terrier
data/raw/tibetan_terrier/0007.jpg,tibetan_terrier
data/raw/tibetan_terrier/0013.jpg,tibetan_terrier
data/raw/tibetan_terrier/0005.jpg,tibetan_terrier
data/raw/tibetan_terrier/0011.jpg,tibetan_terrier
data/raw/tibetan_terrier/0039.jpg,tibetan_terrier
data/raw/tibetan_terrier/0010.jpg,tibetan_terrier
data/raw/tibetan_terrier/0004.jpg,tibetan_terrier
data/raw/tibetan_terrier/0028.jpg,tibetan_terrier
data/raw/tibetan_terrier/0014.jpg,tibetan_terrier
data/raw/tibetan_terrier/0015.jpg,tibetan_terrier
data/raw/tibetan_terrier/0001.jpg,tibetan_terrier
data/raw/tibetan_terrier/0029.jpg,tibetan_terrier
data/raw/tibetan_terrier/0017.jpg,tibetan_terrier
data/raw/tibetan_terrier/0003.jpg,tibetan_terrier
data/raw/tibetan_terrier/0002.jpg,tibetan_terrier
data/raw/tibetan_terrier/0016.jpg,tibetan_terrier
data/raw/tibetan_terrier/0033.jpg,tibetan_terrier
data/raw/tibetan_terrier/0027.jpg,tibetan_terrier
data/raw/tibetan_terrier/0026.jpg,tibetan_terrier
data/raw/tibetan_terrier/0032.jpg,tibetan_terrier
data/raw/tibetan_terrier/0024.jpg,tibetan_terrier
data/raw/tibetan_terrier/0030.jpg,tibetan_terrier
data/raw/tibetan_terrier/0018.jpg,tibetan_terrier
data/raw/tibetan_terrier/0019.jpg,tibetan_terrier
data/raw/tibetan_terrier/0031.jpg,tibetan_terrier
data/raw/tibetan_terrier/0025.jpg,tibetan_terrier
data/raw/tibetan_terrier/0009.jpg,tibetan_terrier
data/raw/tibetan_terrier/0021.jpg,tibetan_terrier
data/raw/tibetan_terrier/0035.jpg,tibetan_terrier
data/raw/toy_poodle/0012.jpg,toy_poodle
data/raw/toy_poodle/0006.jpg,toy_poodle
data/raw/toy_poodle/0007.jpg,toy_poodle
data/raw/toy_poodle/0013.jpg,toy_poodle
data/raw/toy_poodle/0005.jpg,toy_poodle
data/raw/toy_poodle/0011.jpg,toy_poodle
data/raw/toy_poodle/0039.jpg,toy_poodle
data/raw/toy_poodle/0038.jpg,toy_poodle
data/raw/toy_poodle/0010.jpg,toy_poodle
data/raw/toy_poodle/0004.jpg,toy_poodle
data/raw/toy_poodle/0028.jpg,toy_poodle
data/raw/toy_poodle/0014.jpg,toy_poodle
data/raw/toy_poodle/0015.jpg,toy_poodle
data/raw/toy_poodle/0001.jpg,toy_poodle
data/raw/toy_poodle/0029.jpg,toy_poodle
data/raw/toy_poodle/0017.jpg,toy_poodle
data/raw/toy_poodle/0003.jpg,toy_poodle
data/raw/toy_poodle/0002.jpg,toy_poodle
data/raw/toy_poodle/0016.jpg,toy_poodle
data/raw/toy_poodle/0033.jpg,toy_poodle
data/raw/toy_poodle/0027.jpg,toy_poodle
data/raw/toy_poodle/0026.jpg,toy_poodle
data/raw/toy_poodle/0032.jpg,toy_poodle
data/raw/toy_poodle/0024.jpg,toy_poodle
data/raw/toy_poodle/0030.jpg,toy_poodle
data/raw/toy_poodle/0018.jpg,toy_poodle
data/raw/toy_poodle/0019.jpg,toy_poodle
data/raw/toy_poodle/0031.jpg,toy_poodle
data/raw/toy_poodle/0025.jpg,toy_poodle
data/raw/toy_poodle/0009.jpg,toy_poodle
data/raw/toy_poodle/0021.jpg,toy_poodle
data/raw/toy_poodle/0035.jpg,toy_poodle
data/raw/toy_terrier/0012.jpg,toy_terrier
data/raw/toy_terrier/0006.jpg,toy_terrier
data/raw/toy_terrier/0007.jpg,toy_terrier
data/raw/toy_terrier/0013.jpg,toy_terrier
data/raw/toy_terrier/0005.jpg,toy_terrier
data/raw/toy_terrier/0011.jpg,toy_terrier
data/raw/toy_terrier/0039.jpg,toy_terrier
data/raw/toy_terrier/0038.jpg,toy_terrier
data/raw/toy_terrier/0010.jpg,toy_terrier
data/raw/toy_terrier/0004.jpg,toy_terrier
data/raw/toy_terrier/0028.jpg,toy_terrier
data/raw/toy_terrier/0014.jpg,toy_terrier
data/raw/toy_terrier/0015.jpg,toy_terrier
data/raw/toy_terrier/0001.jpg,toy_terrier
data/raw/toy_terrier/0029.jpg,toy_terrier
data/raw/toy_terrier/0017.jpg,toy_terrier
data/raw/toy_terrier/0003.jpg,toy_terrier
data/raw/toy_terrier/0002.jpg,toy_terrier
data/raw/toy_terrier/0016.jpg,toy_terrier
data/raw/toy_terrier/0033.jpg,toy_terrier
data/raw/toy_terrier/0027.jpg,toy_terrier
data/raw/toy_terrier/0026.jpg,toy_terrier
data/raw/toy_terrier/0032.jpg,toy_terrier
data/raw/toy_terrier/0024.jpg,toy_terrier
data/raw/toy_terrier/0018.jpg,toy_terrier
data/raw/toy_terrier/0019.jpg,toy_terrier
data/raw/toy_terrier/0031.jpg,toy_terrier
data/raw/toy_terrier/0025.jpg,toy_terrier
data/raw/toy_terrier/0009.jpg,toy_terrier
data/raw/toy_terrier/0021.jpg,toy_terrier
data/raw/toy_terrier/0035.jpg,toy_terrier
data/raw/vizsla/0012.jpg,vizsla
data/raw/vizsla/0006.jpg,vizsla
data/raw/vizsla/0007.jpg,vizsla
data/raw/vizsla/0013.jpg,vizsla
data/raw/vizsla/0005.jpg,vizsla
data/raw/vizsla/0011.jpg,vizsla
data/raw/vizsla/0039.jpg,vizsla
data/raw/vizsla/0038.jpg,vizsla
data/raw/vizsla/0010.jpg,vizsla
data/raw/vizsla/0004.jpg,vizsla
data/raw/vizsla/0028.jpg,vizsla
data/raw/vizsla/0014.jpg,vizsla
data/raw/vizsla/0015.jpg,vizsla
data/raw/vizsla/0001.jpg,vizsla
data/raw/vizsla/0029.jpg,vizsla
data/raw/vizsla/0017.jpg,vizsla
data/raw/vizsla/0003.jpg,vizsla
data/raw/vizsla/0002.jpg,vizsla
data/raw/vizsla/0016.jpg,vizsla
data/raw/vizsla/0033.jpg,vizsla
data/raw/vizsla/0027.jpg,vizsla
data/raw/vizsla/0026.jpg,vizsla
data/raw/vizsla/0032.jpg,vizsla
data/raw/vizsla/0024.jpg,vizsla
data/raw/vizsla/0030.jpg,vizsla
data/raw/vizsla/0018.jpg,vizsla
data/raw/vizsla/0019.jpg,vizsla
data/raw/vizsla/0031.jpg,vizsla
data/raw/vizsla/0025.jpg,vizsla
data/raw/vizsla/0009.jpg,vizsla
data/raw/vizsla/0021.jpg,vizsla
data/raw/vizsla/0035.jpg,vizsla
data/raw/walker_hound/0012.jpg,walker_hound
data/raw/walker_hound/0006.jpg,walker_hound
data/raw/walker_hound/0007.jpg,walker_hound
data/raw/walker_hound/0013.jpg,walker_hound
data/raw/walker_hound/0005.jpg,walker_hound
data/raw/walker_hound/0011.jpg,walker_hound
data/raw/walker_hound/0039.jpg,walker_hound
data/raw/walker_hound/0038.jpg,walker_hound
data/raw/walker_hound/0010.jpg,walker_hound
data/raw/walker_hound/0004.jpg,walker_hound
data/raw/walker_hound/0028.jpg,walker_hound
data/raw/walker_hound/0014.jpg,walker_hound
data/raw/walker_hound/0015.jpg,walker_hound
data/raw/walker_hound/0001.jpg,walker_hound
data/raw/walker_hound/0029.jpg,walker_hound
data/raw/walker_hound/0017.jpg,walker_hound
data/raw/walker_hound/0003.jpg,walker_hound
data/raw/walker_hound/0002.jpg,walker_hound
data/raw/walker_hound/0016.jpg,walker_hound
data/raw/walker_hound/0033.jpg,walker_hound
data/raw/walker_hound/0027.jpg,walker_hound
data/raw/walker_hound/0026.jpg,walker_hound
data/raw/walker_hound/0032.jpg,walker_hound
data/raw/walker_hound/0024.jpg,walker_hound
data/raw/walker_hound/0030.jpg,walker_hound
data/raw/walker_hound/0018.jpg,walker_hound
data/raw/walker_hound/0019.jpg,walker_hound
data/raw/walker_hound/0031.jpg,walker_hound
data/raw/walker_hound/0025.jpg,walker_hound
data/raw/walker_hound/0009.jpg,walker_hound
data/raw/walker_hound/0021.jpg,walker_hound
data/raw/walker_hound/0035.jpg,walker_hound
data/raw/weimaraner/0012.jpg,weimaraner
data/raw/weimaraner/0006.jpg,weimaraner
data/raw/weimaraner/0007.jpg,weimaraner
data/raw/weimaraner/0013.jpg,weimaraner
data/raw/weimaraner/0005.jpg,weimaraner
data/raw/weimaraner/0011.jpg,weimaraner
data/raw/weimaraner/0039.jpg,weimaraner
data/raw/weimaraner/0038.jpg,weimaraner
data/raw/weimaraner/0010.jpg,weimaraner
data/raw/weimaraner/0004.jpg,weimaraner
data/raw/weimaraner/0028.jpg,weimaraner
data/raw/weimaraner/0014.jpg,weimaraner
data/raw/weimaraner/0015.jpg,weimaraner
data/raw/weimaraner/0001.jpg,weimaraner
data/raw/weimaraner/0029.jpg,weimaraner
data/raw/weimaraner/0017.jpg,weimaraner
data/raw/weimaraner/0003.jpg,weimaraner
data/raw/weimaraner/0002.jpg,weimaraner
data/raw/weimaraner/0016.jpg,weimaraner
data/raw/weimaraner/0033.jpg,weimaraner
data/raw/weimaraner/0027.jpg,weimaraner
data/raw/weimaraner/0026.jpg,weimaraner
data/raw/weimaraner/0032.jpg,weimaraner
data/raw/weimaraner/0024.jpg,weimaraner
data/raw/weimaraner/0030.jpg,weimaraner
data/raw/weimaraner/0018.jpg,weimaraner
data/raw/weimaraner/0019.jpg,weimaraner
data/raw/weimaraner/0031.jpg,weimaraner
data/raw/weimaraner/0025.jpg,weimaraner
data/raw/weimaraner/0009.jpg,weimaraner
data/raw/weimaraner/0021.jpg,weimaraner
data/raw/weimaraner/0035.jpg,weimaraner
data/raw/welsh_springer_spaniel/0012.jpg,welsh_springer_spaniel
data/raw/welsh_springer_spaniel/0006.jpg,welsh_springer_spaniel
data/raw/welsh_springer_spaniel/0007.jpg,welsh_springer_spaniel
data/raw/welsh_springer_spaniel/0013.jpg,welsh_springer_spaniel
data/raw/welsh_springer_spaniel/0005.jpg,welsh_springer_spaniel
data/raw/welsh_springer_spaniel/0011.jpg,welsh_springer_spaniel
data/raw/welsh_springer_spaniel/0039.jpg,welsh_springer_spaniel
data/raw/welsh_springer_spaniel/0038.jpg,welsh_springer_spaniel
data/raw/welsh_springer_spaniel/0010.jpg,welsh_springer_spaniel
data/raw/welsh_springer_spaniel/0004.jpg,welsh_springer_spaniel
data/raw/welsh_springer_spaniel/0028.jpg,welsh_springer_spaniel
data/raw/welsh_springer_spaniel/0014.jpg,welsh_springer_spaniel
data/raw/welsh_springer_spaniel/0015.jpg,welsh_springer_spaniel
data/raw/welsh_springer_spaniel/0001.jpg,welsh_springer_spaniel
data/raw/welsh_springer_spaniel/0029.jpg,welsh_springer_spaniel
data/raw/welsh_springer_spaniel/0017.jpg,welsh_springer_spaniel
data/raw/welsh_springer_spaniel/0003.jpg,welsh_springer_spaniel
data/raw/welsh_springer_spaniel/0002.jpg,welsh_springer_spaniel
data/raw/welsh_springer_spaniel/0016.jpg,welsh_springer_spaniel
data/raw/welsh_springer_spaniel/0033.jpg,welsh_springer_spaniel
data/raw/welsh_springer_spaniel/0027.jpg,welsh_springer_spaniel
data/raw/welsh_springer_spaniel/0026.jpg,welsh_springer_spaniel
data/raw/welsh_springer_spaniel/0032.jpg,welsh_springer_spaniel
data/raw/welsh_springer_spaniel/0024.jpg,welsh_springer_spaniel
data/raw/welsh_springer_spaniel/0030.jpg,welsh_springer_spaniel
data/raw/welsh_springer_spaniel/0018.jpg,welsh_springer_spaniel
data/raw/welsh_springer_spaniel/0019.jpg,welsh_springer_spaniel
data/raw/welsh_springer_spaniel/0031.jpg,welsh_springer_spaniel
data/raw/welsh_springer_spaniel/0025.jpg,welsh_springer_spaniel
data/raw/welsh_springer_spaniel/0009.jpg,welsh_springer_spaniel
data/raw/welsh_springer_spaniel/0021.jpg,welsh_springer_spaniel
data/raw/welsh_springer_spaniel/0035.jpg,welsh_springer_spaniel
data/raw/west_highland_white_terrier/0012.jpg,west_highland_white_terrier
data/raw/west_highland_white_terrier/0006.jpg,west_highland_white_terrier
data/raw/west_highland_white_terrier/0007.jpg,west_highland_white_terrier
data/raw/west_highland_white_terrier/0013.jpg,west_highland_white_terrier
data/raw/west_highland_white_terrier/0005.jpg,west_highland_white_terrier
data/raw/west_highland_white_terrier/0011.jpg,west_highland_white_terrier
data/raw/west_highland_white_terrier/0039.jpg,west_highland_white_terrier
data/raw/west_highland_white_terrier/0038.jpg,west_highland_white_terrier
data/raw/west_highland_white_terrier/0010.jpg,west_highland_white_terrier
data/raw/west_highland_white_terrier/0004.jpg,west_highland_white_terrier
data/raw/west_highland_white_terrier/0028.jpg,west_highland_white_terrier
data/raw/west_highland_white_terrier/0014.jpg,west_highland_white_terrier
data/raw/west_highland_white_terrier/0015.jpg,west_highland_white_terrier
data/raw/west_highland_white_terrier/0001.jpg,west_highland_white_terrier
data/raw/west_highland_white_terrier/0029.jpg,west_highland_white_terrier
data/raw/west_highland_white_terrier/0017.jpg,west_highland_white_terrier
data/raw/west_highland_white_terrier/0003.jpg,west_highland_white_terrier
data/raw/west_highland_white_terrier/0002.jpg,west_highland_white_terrier
data/raw/west_highland_white_terrier/0016.jpg,west_highland_white_terrier
data/raw/west_highland_white_terrier/0033.jpg,west_highland_white_terrier
data/raw/west_highland_white_terrier/0027.jpg,west_highland_white_terrier
data/raw/west_highland_white_terrier/0026.jpg,west_highland_white_terrier
data/raw/west_highland_white_terrier/0032.jpg,west_highland_white_terrier
data/raw/west_highland_white_terrier/0024.jpg,west_highland_white_terrier
data/raw/west_highland_white_terrier/0030.jpg,west_highland_white_terrier
data/raw/west_highland_white_terrier/0018.jpg,west_highland_white_terrier
data/raw/west_highland_white_terrier/0019.jpg,west_highland_white_terrier
data/raw/west_highland_white_terrier/0031.jpg,west_highland_white_terrier
data/raw/west_highland_white_terrier/0025.jpg,west_highland_white_terrier
data/raw/west_highland_white_terrier/0009.jpg,west_highland_white_terrier
data/raw/west_highland_white_terrier/0021.jpg,west_highland_white_terrier
data/raw/west_highland_white_terrier/0035.jpg,west_highland_white_terrier
data/raw/whippet/0012.jpg,whippet
data/raw/whippet/0006.jpg,whippet
data/raw/whippet/0007.jpg,whippet
data/raw/whippet/0013.jpg,whippet
data/raw/whippet/0005.jpg,whippet
data/raw/whippet/0011.jpg,whippet
data/raw/whippet/0039.jpg,whippet
data/raw/whippet/0038.jpg,whippet
data/raw/whippet/0010.jpg,whippet
data/raw/whippet/0004.jpg,whippet
data/raw/whippet/0028.jpg,whippet
data/raw/whippet/0014.jpg,whippet
data/raw/whippet/0015.jpg,whippet
data/raw/whippet/0001.jpg,whippet
data/raw/whippet/0029.jpg,whippet
data/raw/whippet/0017.jpg,whippet
data/raw/whippet/0003.jpg,whippet
data/raw/whippet/0002.jpg,whippet
data/raw/whippet/0016.jpg,whippet
data/raw/whippet/0033.jpg,whippet
data/raw/whippet/0027.jpg,whippet
data/raw/whippet/0026.jpg,whippet
data/raw/whippet/0032.jpg,whippet
data/raw/whippet/0024.jpg,whippet
data/raw/whippet/0030.jpg,whippet
data/raw/whippet/0018.jpg,whippet
data/raw/whippet/0019.jpg,whippet
data/raw/whippet/0031.jpg,whippet
data/raw/whippet/0025.jpg,whippet
data/raw/whippet/0009.jpg,whippet
data/raw/whippet/0021.jpg,whippet
data/raw/whippet/0035.jpg,whippet
data/raw/wire_haired_fox_terrier/0012.jpg,wire_haired_fox_terrier
data/raw/wire_haired_fox_terrier/0006.jpg,wire_haired_fox_terrier
data/raw/wire_haired_fox_terrier/0007.jpg,wire_haired_fox_terrier
data/raw/wire_haired_fox_terrier/0013.jpg,wire_haired_fox_terrier
data/raw/wire_haired_fox_terrier/0005.jpg,wire_haired_fox_terrier
data/raw/wire_haired_fox_terrier/0011.jpg,wire_haired_fox_terrier
data/raw/wire_haired_fox_terrier/0039.jpg,wire_haired_fox_terrier
data/raw/wire_haired_fox_terrier/0038.jpg,wire_haired_fox_terrier
data/raw/wire_haired_fox_terrier/0010.jpg,wire_haired_fox_terrier
data/raw/wire_haired_fox_terrier/0004.jpg,wire_haired_fox_terrier
data/raw/wire_haired_fox_terrier/0028.jpg,wire_haired_fox_terrier
data/raw/wire_haired_fox_terrier/0014.jpg,wire_haired_fox_terrier
data/raw/wire_haired_fox_terrier/0015.jpg,wire_haired_fox_terrier
data/raw/wire_haired_fox_terrier/0001.jpg,wire_haired_fox_terrier
data/raw/wire_haired_fox_terrier/0029.jpg,wire_haired_fox_terrier
data/raw/wire_haired_fox_terrier/0017.jpg,wire_haired_fox_terrier
data/raw/wire_haired_fox_terrier/0003.jpg,wire_haired_fox_terrier
data/raw/wire_haired_fox_terrier/0002.jpg,wire_haired_fox_terrier
data/raw/wire_haired_fox_terrier/0016.jpg,wire_haired_fox_terrier
data/raw/wire_haired_fox_terrier/0033.jpg,wire_haired_fox_terrier
data/raw/wire_haired_fox_terrier/0027.jpg,wire_haired_fox_terrier
data/raw/wire_haired_fox_terrier/0026.jpg,wire_haired_fox_terrier
data/raw/wire_haired_fox_terrier/0032.jpg,wire_haired_fox_terrier
data/raw/wire_haired_fox_terrier/0024.jpg,wire_haired_fox_terrier
data/raw/wire_haired_fox_terrier/0030.jpg,wire_haired_fox_terrier
data/raw/wire_haired_fox_terrier/0018.jpg,wire_haired_fox_terrier
data/raw/wire_haired_fox_terrier/0019.jpg,wire_haired_fox_terrier
data/raw/wire_haired_fox_terrier/0031.jpg,wire_haired_fox_terrier
data/raw/wire_haired_fox_terrier/0025.jpg,wire_haired_fox_terrier
data/raw/wire_haired_fox_terrier/0009.jpg,wire_haired_fox_terrier
data/raw/wire_haired_fox_terrier/0021.jpg,wire_haired_fox_terrier
data/raw/wire_haired_fox_terrier/0035.jpg,wire_haired_fox_terrier
data/raw/yorkshire_terrier/0012.jpg,yorkshire_terrier
data/raw/yorkshire_terrier/0006.jpg,yorkshire_terrier
data/raw/yorkshire_terrier/0007.jpg,yorkshire_terrier
data/raw/yorkshire_terrier/0013.jpg,yorkshire_terrier
data/raw/yorkshire_terrier/0005.jpg,yorkshire_terrier
data/raw/yorkshire_terrier/0011.jpg,yorkshire_terrier
data/raw/yorkshire_terrier/0039.jpg,yorkshire_terrier
data/raw/yorkshire_terrier/0038.jpg,yorkshire_terrier
data/raw/yorkshire_terrier/0010.jpg,yorkshire_terrier
data/raw/yorkshire_terrier/0004.jpg,yorkshire_terrier
data/raw/yorkshire_terrier/0028.jpg,yorkshire_terrier
data/raw/yorkshire_terrier/0014.jpg,yorkshire_terrier
data/raw/yorkshire_terrier/0015.jpg,yorkshire_terrier
data/raw/yorkshire_terrier/0001.jpg,yorkshire_terrier
data/raw/yorkshire_terrier/0029.jpg,yorkshire_terrier
data/raw/yorkshire_terrier/0017.jpg,yorkshire_terrier
data/raw/yorkshire_terrier/0003.jpg,yorkshire_terrier
data/raw/yorkshire_terrier/0002.jpg,yorkshire_terrier
data/raw/yorkshire_terrier/0016.jpg,yorkshire_terrier
data/raw/yorkshire_terrier/0033.jpg,yorkshire_terrier
data/raw/yorkshire_terrier/0027.jpg,yorkshire_terrier
data/raw/yorkshire_terrier/0026.jpg,yorkshire_terrier
data/raw/yorkshire_terrier/0032.jpg,yorkshire_terrier
data/raw/yorkshire_terrier/0024.jpg,yorkshire_terrier
data/raw/yorkshire_terrier/0030.jpg,yorkshire_terrier
data/raw/yorkshire_terrier/0018.jpg,yorkshire_terrier
data/raw/yorkshire_terrier/0019.jpg,yorkshire_terrier
data/raw/yorkshire_terrier/0031.jpg,yorkshire_terrier
data/raw/yorkshire_terrier/0025.jpg,yorkshire_terrier
data/raw/yorkshire_terrier/0009.jpg,yorkshire_terrier
data/raw/yorkshire_terrier/0021.jpg,yorkshire_terrier
data/raw/yorkshire_terrier/0035.jpg,yorkshire_terrier
